epoch,LR/G,Loss/G_l1_weighted,Loss/design,Loss/outdoor,Loss/boundary,Val/train_Design_MAE_Lux,Val/Val_Design_MAE_Lux,Val/Val_Loss_Weighted
1,0.00019999999494757503,460.08319091796875,276.20849609375,4.008930206298828,59.95525360107422,144.9239501953125,107.71273803710938,271.0211486816406
2,0.00019999999494757503,198.38059997558594,128.1767578125,5.545398712158203,21.552812576293945,77.49795532226562,48.00892639160156,140.9794158935547
3,0.00019999999494757503,115.52442169189453,62.141300201416016,5.118677616119385,16.08814811706543,36.017189025878906,26.807376861572266,92.93467712402344
4,0.00019999999494757503,92.4228515625,47.237789154052734,4.715900897979736,13.48971939086914,25.645967483520508,23.10216522216797,81.58387756347656
5,0.00019999999494757503,82.27404022216797,41.60989761352539,3.9215333461761475,12.247535705566406,22.087099075317383,18.222957611083984,72.11168670654297
6,0.00019999999494757503,71.91983032226562,34.297203063964844,3.5143256187438965,11.36943244934082,17.26922035217285,14.725186347961426,68.134033203125
7,0.00019999999494757503,64.33528137207031,29.201940536499023,3.1244142055511475,10.669642448425293,13.994402885437012,11.251777648925781,55.88218688964844
8,0.00019999999494757503,59.431949615478516,26.65981674194336,2.79217267036438,9.99332046508789,12.449654579162598,11.707927703857422,63.25617599487305
9,0.00019999999494757503,55.11948776245117,24.488380432128906,2.479114294052124,9.383996963500977,11.26986026763916,9.648670196533203,50.043643951416016
10,0.00019999999494757503,52.67101287841797,23.29203224182129,2.268007755279541,9.036991119384766,10.541901588439941,9.370645523071289,49.619754791259766
11,0.00019999999494757503,50.29121398925781,22.071788787841797,2.093899965286255,8.708508491516113,9.87679672241211,8.552000999450684,47.71306610107422
12,0.00019999999494757503,48.282676696777344,21.061948776245117,1.9206531047821045,8.433357238769531,9.346558570861816,8.619555473327637,46.617069244384766
13,0.00019999999494757503,45.965736389160156,20.138723373413086,1.8071554899215698,8.006619453430176,8.876908302307129,7.485680103302002,41.288673400878906
14,0.00019999999494757503,44.237674713134766,19.26325035095215,1.664308786392212,7.770037651062012,8.484478950500488,8.11038589477539,41.57742691040039
15,0.00019999999494757503,42.988155364990234,18.55718421936035,1.586290955543518,7.614893436431885,8.099153518676758,6.451855182647705,36.38809585571289
16,0.00019999999494757503,41.634281158447266,18.044214248657227,1.494185209274292,7.365293979644775,7.837157726287842,8.042414665222168,46.6139030456543
17,0.00019999999494757503,40.51983642578125,17.430761337280273,1.4322487115859985,7.218941688537598,7.576290607452393,6.590296268463135,36.07712936401367
18,0.00019999999494757503,39.385311126708984,17.047082901000977,1.4091089963912964,6.976373672485352,7.41209602355957,5.872853755950928,34.55256271362305
19,0.00019999999494757503,39.0375862121582,16.78685188293457,1.3654412031173706,6.961764335632324,7.245896339416504,6.182717323303223,34.756492614746094
20,0.00019999999494757503,37.64934158325195,16.187118530273438,1.2959538698196411,6.7220892906188965,6.9877166748046875,6.127435207366943,34.9782829284668
21,0.00019999999494757503,36.910343170166016,15.924816131591797,1.2531784772872925,6.577450275421143,6.860141277313232,6.433149814605713,34.6572151184082
22,0.00019999999494757503,36.21792984008789,15.626208305358887,1.2288752794265747,6.454282283782959,6.727302551269531,6.1497626304626465,33.3841552734375
23,0.00019999999494757503,35.28969955444336,15.229880332946777,1.1690990924835205,6.296906471252441,6.545990467071533,5.505303859710693,31.591955184936523
24,0.00019999999494757503,34.75263595581055,15.029487609863281,1.1465907096862793,6.192185401916504,6.459826946258545,6.14619779586792,37.24299621582031
25,0.00019999999494757503,34.31926345825195,14.831945419311523,1.1111489534378052,6.125389575958252,6.342489719390869,5.16302490234375,29.905561447143555
26,0.00019999999494757503,33.32307052612305,14.360906600952148,1.076983094215393,5.961727619171143,6.1564154624938965,5.876572132110596,31.084911346435547
27,0.00019999999494757503,33.320987701416016,14.28561782836914,1.0552539825439453,5.993371486663818,6.1252522468566895,5.668385028839111,31.382003784179688
28,0.00019999999494757503,32.4540901184082,14.011335372924805,1.0304597616195679,5.804098129272461,6.0070624351501465,5.5928754806518555,32.869842529296875
29,0.00019999999494757503,32.698795318603516,14.095995903015137,1.0316858291625977,5.857037544250488,6.050737380981445,6.044378757476807,35.87004470825195
30,0.00019999999494757503,31.663860321044922,13.609113693237305,0.9805040955543518,5.6914143562316895,5.829514026641846,5.029782295227051,30.06795310974121
31,0.00019999999494757503,31.702884674072266,13.677655220031738,0.9754670858383179,5.683253765106201,5.824647426605225,5.331943511962891,30.249900817871094
32,0.00019999999494757503,30.912689208984375,13.334287643432617,0.9659767746925354,5.537474632263184,5.716665267944336,6.180244445800781,35.80294418334961
33,0.00019999999494757503,30.887657165527344,13.411542892456055,0.9528834223747253,5.5077433586120605,5.729710578918457,5.758423805236816,32.977684020996094
34,0.00019999999494757503,30.238874435424805,13.040995597839355,0.9456229209899902,5.417418956756592,5.588221073150635,5.056484699249268,30.27165985107422
35,0.00019999999494757503,30.326013565063477,13.071224212646484,0.9181503057479858,5.4455461502075195,5.560693740844727,4.824526309967041,29.13631820678711
36,0.00019999999494757503,29.66481590270996,12.805607795715332,0.909308135509491,5.316633701324463,5.471540451049805,4.589282035827637,27.82674217224121
37,0.00019999999494757503,29.630910873413086,12.760466575622559,0.8998865485191345,5.323519706726074,5.434606552124023,5.047061920166016,27.878267288208008
38,0.00019999999494757503,29.086536407470703,12.49769115447998,0.896880030632019,5.230655193328857,5.342584133148193,4.812523365020752,28.360212326049805
39,0.00019999999494757503,28.726900100708008,12.411724090576172,0.8559983968734741,5.153059482574463,5.300553321838379,4.853871822357178,27.376554489135742
40,0.00019999999494757503,28.572471618652344,12.301106452941895,0.8597226738929749,5.137214183807373,5.2297587394714355,4.669711589813232,27.360414505004883
41,0.00019999999494757503,27.999980926513672,12.050554275512695,0.852846622467041,5.032193183898926,5.155921459197998,5.012729167938232,27.138887405395508
42,0.00019999999494757503,28.4172420501709,12.254076957702637,0.8315569162368774,5.110536098480225,5.256298065185547,4.879354000091553,29.687095642089844
43,0.00019999999494757503,27.964035034179688,12.039874076843262,0.835601270198822,5.029520034790039,5.136035442352295,5.180364608764648,30.713603973388672
44,0.00019999999494757503,27.445669174194336,11.870231628417969,0.8326526880264282,4.914261817932129,5.086654186248779,5.5388641357421875,31.92236328125
45,0.00019999999494757503,27.18897819519043,11.738669395446777,0.8052607178688049,4.881682395935059,5.021641731262207,4.679793834686279,27.551145553588867
46,0.00019999999494757503,27.301198959350586,11.813249588012695,0.8147773146629333,4.891057014465332,5.050687789916992,5.064894199371338,31.944076538085938
47,0.00019999999494757503,26.977123260498047,11.639191627502441,0.7994227409362793,4.846169471740723,4.960536479949951,4.986408710479736,29.091751098632812
48,0.00019999999494757503,26.634565353393555,11.494439125061035,0.7783994078636169,4.7872419357299805,4.923874855041504,5.128197193145752,31.10295295715332
49,0.00019999999494757503,26.447717666625977,11.409405708312988,0.7801758050918579,4.752711772918701,4.894326210021973,5.213162899017334,27.503114700317383
50,0.00019999999494757503,26.16128158569336,11.272887229919434,0.7871610522270203,4.700411319732666,4.817596912384033,5.939462661743164,38.06980514526367
51,0.00019999999494757503,26.224184036254883,11.294665336608887,0.7768099904060364,4.717569828033447,4.820052146911621,4.7872843742370605,27.86216926574707
52,0.00019999999494757503,25.965608596801758,11.21313762664795,0.7704038023948669,4.660688877105713,4.795186996459961,4.854821681976318,26.868305206298828
53,0.00019999999494757503,25.818361282348633,11.097363471984863,0.7644237875938416,4.652191162109375,4.7602739334106445,4.538693428039551,24.648481369018555
54,0.00019999999494757503,25.604690551757812,11.027195930480957,0.749711275100708,4.6092610359191895,4.725830078125,4.315354824066162,26.227798461914062
55,0.00019999999494757503,25.360496520996094,10.94709587097168,0.7491457462310791,4.554751396179199,4.689691066741943,4.680419921875,26.035295486450195
56,0.00019999999494757503,25.089563369750977,10.791585922241211,0.7439984083175659,4.517992973327637,4.624265193939209,4.607822895050049,26.075727462768555
57,0.00019999999494757503,24.953855514526367,10.722713470458984,0.7335596680641174,4.4991936683654785,4.607645034790039,5.412819862365723,29.87310791015625
58,0.00019999999494757503,24.93429946899414,10.735465049743652,0.7241929173469543,4.491547107696533,4.607044696807861,4.279135704040527,25.85630226135254
59,0.00019999999494757503,24.771472930908203,10.664694786071777,0.725013256072998,4.460588455200195,4.54865837097168,4.338044166564941,24.156253814697266
60,0.00019999999494757503,24.452800750732422,10.56987476348877,0.7144207954406738,4.389501571655273,4.535377502441406,4.65772008895874,25.81329917907715
61,0.00019999999494757503,24.804561614990234,10.733100891113281,0.7178764939308167,4.451194763183594,4.581625938415527,4.085702896118164,23.69902992248535
62,0.00019999999494757503,24.272676467895508,10.44917106628418,0.7049738764762878,4.3728437423706055,4.471170425415039,4.289196014404297,26.19704818725586
63,0.00019999999494757503,24.394527435302734,10.510295867919922,0.7079712152481079,4.392086982727051,4.495419502258301,4.68830680847168,25.140165328979492
64,0.00019999999494757503,24.053491592407227,10.378528594970703,0.697573721408844,4.325796127319336,4.446283340454102,3.8572471141815186,22.651548385620117
65,0.00019999999494757503,23.94129180908203,10.331597328186035,0.7021374702453613,4.302518844604492,4.438203811645508,4.112220764160156,24.390975952148438
66,0.00019999999494757503,24.002134323120117,10.3692045211792,0.7084773182868958,4.308150768280029,4.415179252624512,4.129757404327393,25.692960739135742
67,0.00019999999494757503,23.821691513061523,10.308040618896484,0.6939014792442322,4.273250102996826,4.423330783843994,3.979261636734009,23.89221954345703
68,0.00019999999494757503,23.512554168701172,10.142718315124512,0.6909011006355286,4.226311683654785,4.3514909744262695,3.919806480407715,22.375839233398438
69,0.00019999999494757503,23.490249633789062,10.144513130187988,0.6898471117019653,4.218630313873291,4.3488359451293945,4.247249126434326,25.235795974731445
70,0.00019999999494757503,23.532913208007812,10.187793731689453,0.6768444776535034,4.222758769989014,4.382053852081299,3.928764581680298,23.215946197509766
71,0.00019999999494757503,23.333057403564453,10.066398620605469,0.6760905385017395,4.196856498718262,4.305018901824951,4.273855686187744,24.978275299072266
72,0.00019999999494757503,23.29240608215332,10.097833633422852,0.6787944436073303,4.171926021575928,4.317365646362305,5.063512325286865,25.83865737915039
73,0.00019999999494757503,23.11703109741211,9.951387405395508,0.6641323566436768,4.167170524597168,4.259166717529297,3.897351026535034,21.965505599975586
74,0.00019999999494757503,23.025800704956055,9.918607711791992,0.6834837198257446,4.141236305236816,4.253194808959961,4.580684661865234,26.404748916625977
75,0.00019999999494757503,22.75679588317871,9.801846504211426,0.6762621402740479,4.0928955078125,4.2089314460754395,3.9786407947540283,23.112518310546875
76,0.00019999999494757503,22.67814826965332,9.773295402526855,0.6722496747970581,4.077534198760986,4.209926128387451,4.302119255065918,24.813674926757812
77,0.00019999999494757503,22.484037399291992,9.69347095489502,0.6602773070335388,4.043429851531982,4.163804054260254,4.019309043884277,24.48264503479004
78,0.00019999999494757503,22.56439781188965,9.72879695892334,0.6627894639968872,4.05760383605957,4.171420097351074,4.0470685958862305,22.671236038208008
79,0.00019999999494757503,22.66429901123047,9.787413597106934,0.6658126711845398,4.070357322692871,4.204798221588135,3.966095447540283,22.099506378173828
80,0.00019999999494757503,22.286813735961914,9.643052101135254,0.6592315435409546,3.9948432445526123,4.13098669052124,3.7823870182037354,21.694599151611328
81,0.00019999999494757503,22.014020919799805,9.508060455322266,0.649300754070282,3.9522197246551514,4.087329387664795,3.9769468307495117,23.458189010620117
82,0.00019999999494757503,22.196441650390625,9.649688720703125,0.6517985463142395,3.96498441696167,4.143049240112305,3.8581559658050537,23.847795486450195
83,0.00019999999494757503,22.154111862182617,9.59990406036377,0.6489536166191101,3.9684178829193115,4.113131523132324,4.003704071044922,23.49024200439453
84,0.00019999999494757503,21.753021240234375,9.427206993103027,0.6479620933532715,3.8926172256469727,4.052430152893066,3.977177143096924,23.4553165435791
85,0.00019999999494757503,21.72234344482422,9.367676734924316,0.6321737766265869,3.9074971675872803,4.026568412780762,4.354945659637451,24.267419815063477
86,0.00019999999494757503,21.549697875976562,9.308876991271973,0.641101598739624,3.8665730953216553,4.005853652954102,3.947683095932007,23.23189353942871
87,0.00019999999494757503,21.898807525634766,9.507529258728027,0.6412703990936279,3.9166691303253174,4.077022552490234,3.842585563659668,22.740480422973633
88,0.00019999999494757503,21.53473663330078,9.332877159118652,0.6384166479110718,3.854480743408203,4.022515773773193,3.8785881996154785,22.34651756286621
89,0.00019999999494757503,21.264238357543945,9.234487533569336,0.631548285484314,3.799400568008423,3.961454391479492,3.6783907413482666,21.150484085083008
90,0.00019999999494757503,21.273218154907227,9.202959060668945,0.6333773136138916,3.8122940063476562,3.966027021408081,3.9942030906677246,22.466169357299805
91,0.00019999999494757503,21.355289459228516,9.241986274719238,0.6355419158935547,3.825920343399048,3.9950995445251465,3.7415289878845215,20.683855056762695
92,0.00019999999494757503,21.147289276123047,9.217493057250977,0.6356555819511414,3.7647132873535156,3.9801714420318604,4.02155876159668,21.799747467041016
93,0.00019999999494757503,21.020736694335938,9.142767906188965,0.6305429935455322,3.7491421699523926,3.934786558151245,3.7073874473571777,21.835262298583984
94,0.00019999999494757503,21.11859130859375,9.142210960388184,0.6286879181861877,3.782564163208008,3.9386584758758545,4.5713934898376465,25.02674102783203
95,0.00019999999494757503,20.871675491333008,9.0630464553833,0.6262599229812622,3.7274560928344727,3.9108498096466064,3.57205867767334,20.76737403869629
96,0.00019999999494757503,20.758464813232422,8.978218078613281,0.6279848217964172,3.7174205780029297,3.8692357540130615,3.921085834503174,21.297801971435547
97,0.00019999999494757503,20.772417068481445,9.017607688903809,0.6222509145736694,3.71085262298584,3.8804142475128174,3.7222156524658203,20.977031707763672
98,0.00019999999494757503,20.53622055053711,8.942404747009277,0.6128497123718262,3.6603221893310547,3.8644118309020996,3.925508737564087,23.322214126586914
99,0.00019999999494757503,20.621658325195312,9.018092155456543,0.6152580380439758,3.662769317626953,3.8720035552978516,3.7046597003936768,20.499622344970703
100,0.00019999999494757503,20.65207862854004,8.971341133117676,0.6166841983795166,3.6880178451538086,3.860567569732666,3.8253633975982666,21.34015655517578
101,0.00019999999494757503,20.261411666870117,8.826797485351562,0.6156935691833496,3.606306552886963,3.821925163269043,3.709698438644409,22.431751251220703
102,0.00019999999494757503,20.317466735839844,8.815461158752441,0.6115784049034119,3.6301424503326416,3.80464243888855,3.781123638153076,20.762102127075195
103,0.00019999999494757503,20.179616928100586,8.829687118530273,0.610398530960083,3.5798439979553223,3.8108677864074707,3.7256791591644287,21.374616622924805
104,0.00019999999494757503,20.161027908325195,8.801024436950684,0.6165615320205688,3.5811471939086914,3.7835068702697754,3.808119773864746,21.505048751831055
105,0.00019999999494757503,19.910282135009766,8.707103729248047,0.6093254685401917,3.5312845706939697,3.747101306915283,3.7061638832092285,20.7655029296875
106,0.00019999999494757503,19.971384048461914,8.660021781921387,0.6070873141288757,3.568091630935669,3.74869704246521,4.371275424957275,24.47693634033203
107,0.00019999999494757503,20.040985107421875,8.694132804870605,0.6056084632873535,3.5804145336151123,3.749197483062744,3.631603240966797,20.51911735534668
108,0.00019999999494757503,19.858774185180664,8.693979263305664,0.6042009592056274,3.520198106765747,3.7427210807800293,4.066679000854492,21.810590744018555
109,0.00019999999494757503,19.9796085357666,8.705238342285156,0.6028796434402466,3.557163715362549,3.760270833969116,4.316827774047852,23.807424545288086
110,0.00019999999494757503,19.70177459716797,8.56418228149414,0.5991209745407104,3.5128235816955566,3.7075061798095703,3.5931315422058105,19.805463790893555
111,0.00019999999494757503,19.977291107177734,8.716046333312988,0.5882503986358643,3.557664632797241,3.761322021484375,3.501404047012329,20.838241577148438
112,0.00019999999494757503,19.66617202758789,8.579283714294434,0.600283145904541,3.495535135269165,3.7105557918548584,4.135335445404053,21.233613967895508
113,0.00019999999494757503,19.62378692626953,8.59955883026123,0.5986482501029968,3.475193500518799,3.701263427734375,3.646786689758301,20.962726593017578
114,0.00019999999494757503,19.478729248046875,8.537468910217285,0.592637836933136,3.449540853500366,3.6965596675872803,3.5440943241119385,19.435401916503906
115,0.00019999999494757503,19.38456916809082,8.47734546661377,0.5977945923805237,3.436476230621338,3.6580922603607178,3.6964356899261475,21.231019973754883
116,0.00019999999494757503,19.29168128967285,8.4169921875,0.595005452632904,3.4265613555908203,3.640094518661499,4.301827907562256,23.729490280151367
117,0.00019999999494757503,19.432411193847656,8.466897010803223,0.5978444814682007,3.45589017868042,3.6587095260620117,3.6877005100250244,19.86599349975586
118,0.00019999999494757503,19.225170135498047,8.417776107788086,0.5933615565299988,3.404677391052246,3.639643907546997,3.5203802585601807,20.028980255126953
119,0.00019999999494757503,19.166749954223633,8.379295349121094,0.5889111161231995,3.399514675140381,3.6210780143737793,3.430375337600708,19.39625358581543
120,0.00019999999494757503,19.190462112426758,8.369399070739746,0.5869393944740295,3.41137433052063,3.609876871109009,3.519254207611084,19.642393112182617
121,0.00019999999494757503,18.937253952026367,8.26052188873291,0.5860064625740051,3.3635752201080322,3.586317300796509,3.5266995429992676,19.237377166748047
122,0.00019999999494757503,19.222095489501953,8.424040794372559,0.5817633271217346,3.405430316925049,3.655980348587036,3.3180503845214844,19.328798294067383
123,0.00019999999494757503,19.14815902709961,8.425641059875488,0.5866360664367676,3.378626823425293,3.6378798484802246,3.603989601135254,19.099916458129883
124,0.00019999999494757503,18.804609298706055,8.208168029785156,0.5859953761100769,3.336815118789673,3.561727285385132,3.401156425476074,19.3468017578125
125,0.00019999999494757503,18.725160598754883,8.197620391845703,0.5822993516921997,3.3150806427001953,3.5516088008880615,3.663299083709717,21.543987274169922
126,0.00019999999494757503,18.899429321289062,8.230512619018555,0.576548159122467,3.3641226291656494,3.5610625743865967,3.464552402496338,19.70229721069336
127,0.00019999999494757503,18.979341506958008,8.288381576538086,0.5839541554450989,3.369001626968384,3.587949514389038,3.4909462928771973,19.268585205078125
128,0.00019999999494757503,18.683191299438477,8.176084518432617,0.5748419761657715,3.3107550144195557,3.5341968536376953,3.572770357131958,20.55178451538086
129,0.00019999999494757503,18.690885543823242,8.169294357299805,0.5766154527664185,3.3149921894073486,3.5260491371154785,3.55598521232605,20.59251594543457
130,0.00019999999494757503,18.491016387939453,8.058935165405273,0.5771608352661133,3.284973382949829,3.5033304691314697,4.096055507659912,22.506284713745117
131,0.00019999999494757503,18.533559799194336,8.111905097961426,0.5798670649528503,3.2805957794189453,3.5230486392974854,3.503291606903076,19.312421798706055
132,0.00019999999494757503,18.550439834594727,8.120586395263672,0.5762333869934082,3.2845401763916016,3.512673854827881,3.4637081623077393,19.305072784423828
133,0.00019999999494757503,18.525375366210938,8.068925857543945,0.5764215588569641,3.2933425903320312,3.503077745437622,3.313359498977661,18.010196685791016
134,0.00019999999494757503,18.430255889892578,8.07096004486084,0.5785413384437561,3.260251760482788,3.4873249530792236,3.5904643535614014,19.725566864013672
135,0.00019999999494757503,18.25621223449707,7.988752365112305,0.5693496465682983,3.23270320892334,3.4714467525482178,3.5647928714752197,19.722822189331055
136,0.00019999999494757503,18.36478042602539,7.989344120025635,0.5733636021614075,3.267357349395752,3.460259437561035,3.506301164627075,19.519418716430664
137,0.00019999999494757503,18.320545196533203,8.012825012207031,0.5700380206108093,3.245894193649292,3.479262113571167,3.485732316970825,19.635021209716797
138,0.00019999999494757503,18.190914154052734,7.978052616119385,0.5731675624847412,3.213231325149536,3.4609811305999756,3.682283639907837,19.96417808532715
139,0.00019999999494757503,18.153608322143555,7.9569091796875,0.5743332505226135,3.2074553966522217,3.44840407371521,3.3929147720336914,19.158864974975586
140,0.00019999999494757503,18.148548126220703,7.922253608703613,0.5720693469047546,3.2180752754211426,3.4303526878356934,3.37271785736084,18.565034866333008
141,0.00019999999494757503,18.27747344970703,8.020679473876953,0.5684801340103149,3.229438066482544,3.4765284061431885,3.4423868656158447,19.73911476135254
142,0.00019999999494757503,18.067174911499023,7.9083991050720215,0.562881350517273,3.1986312866210938,3.4232442378997803,3.568343162536621,19.131736755371094
143,0.00019999999494757503,18.137847900390625,7.948899269104004,0.5706549286842346,3.2060980796813965,3.4340827465057373,3.3844573497772217,18.7794132232666
144,0.00019999999494757503,18.062522888183594,7.93153715133667,0.5721198320388794,3.186288595199585,3.435573101043701,4.482065200805664,23.981637954711914
145,0.00019999999494757503,17.882139205932617,7.843166828155518,0.5669144988059998,3.1573524475097656,3.3913347721099854,3.6774652004241943,20.57271957397461
146,0.00019999999494757503,17.94809341430664,7.911960124969482,0.5696681141853333,3.1554882526397705,3.4297170639038086,3.562152624130249,19.15557098388672
147,0.00019999999494757503,17.753177642822266,7.808407306671143,0.5695123076438904,3.1250860691070557,3.3920295238494873,3.3069489002227783,18.255693435668945
148,0.00019999999494757503,17.71013641357422,7.747631072998047,0.5635527968406677,3.132983922958374,3.3672823905944824,3.5018179416656494,19.9208927154541
149,0.00019999999494757503,17.887834548950195,7.8714165687561035,0.5642564296722412,3.1507203578948975,3.4163036346435547,3.4515480995178223,19.1424503326416
150,0.00019999999494757503,17.834842681884766,7.836618423461914,0.5633924007415771,3.144944190979004,3.4064295291900635,4.262389659881592,25.936586380004883
151,0.00019999999494757503,17.705060958862305,7.74645471572876,0.5628923773765564,3.131904363632202,3.359908103942871,3.337954044342041,19.760272979736328
152,0.00019999999494757503,17.729238510131836,7.768748760223389,0.5629119873046875,3.13252592086792,3.3712639808654785,3.2819020748138428,18.28681755065918
153,0.00019999999494757503,17.776660919189453,7.788009166717529,0.5589879155158997,3.143221378326416,3.3707621097564697,3.6717751026153564,20.084712982177734
154,0.00019999999494757503,17.522756576538086,7.674717903137207,0.5574113130569458,3.0968756675720215,3.33054518699646,3.9212605953216553,22.463903427124023
155,0.00019999999494757503,17.599353790283203,7.676806926727295,0.5591562390327454,3.1211302280426025,3.335904121398926,3.427213668823242,19.346433639526367
156,0.00019999999494757503,17.670896530151367,7.750642776489258,0.5593687891960144,3.1202948093414307,3.3602182865142822,3.4716622829437256,18.90771484375
157,0.00019999999494757503,17.595787048339844,7.702377796173096,0.5606266856193542,3.1109273433685303,3.3371574878692627,3.8054583072662354,19.769746780395508
158,0.00019999999494757503,17.235923767089844,7.567174434661865,0.5567123889923096,3.0373456478118896,3.308774709701538,3.265117883682251,17.905994415283203
159,0.00019999999494757503,17.494585037231445,7.653772830963135,0.5514681935310364,3.096447706222534,3.3235716819763184,4.0176920890808105,21.393749237060547
160,0.00019999999494757503,17.41290283203125,7.649205207824707,0.5531363487243652,3.0701870918273926,3.309661388397217,3.3581693172454834,19.132164001464844
161,0.00019999999494757503,17.4307861328125,7.6938347816467285,0.5579656958580017,3.059662103652954,3.3382153511047363,3.559295892715454,20.112340927124023
162,0.00019999999494757503,17.26821517944336,7.56237268447876,0.550743043422699,3.05169939994812,3.2789230346679688,3.8747289180755615,21.353063583374023
163,0.00019999999494757503,17.2327938079834,7.550045490264893,0.5473759770393372,3.045124053955078,3.285480499267578,3.2709829807281494,18.70751190185547
164,0.00019999999494757503,17.451976776123047,7.6623311042785645,0.5528130531311035,3.078944444656372,3.318223714828491,3.80424427986145,20.3228816986084
165,0.00019999999494757503,17.29175567626953,7.574580192565918,0.5557516813278198,3.0538077354431152,3.2892801761627197,3.781611204147339,19.751611709594727
166,0.00019999999494757503,17.211566925048828,7.569614887237549,0.5500981211662292,3.0306177139282227,3.2820584774017334,3.498128890991211,19.38471031188965
167,0.00019999999494757503,17.124126434326172,7.538026809692383,0.5446075201034546,3.0138309001922607,3.2624335289001465,3.1807045936584473,17.788833618164062
168,0.00019999999494757503,17.016929626464844,7.4349365234375,0.5518807768821716,3.010037660598755,3.2380826473236084,3.3146936893463135,17.958637237548828
169,0.00019999999494757503,17.049915313720703,7.511837482452393,0.5540393590927124,2.9946794509887695,3.2559804916381836,3.3822221755981445,19.167268753051758
170,0.00019999999494757503,16.94482421875,7.432991981506348,0.546294629573822,2.9885125160217285,3.2261500358581543,3.4293737411499023,18.904550552368164
171,0.00019999999494757503,17.111989974975586,7.508002758026123,0.5494261980056763,3.0181870460510254,3.2600255012512207,3.3026013374328613,17.994346618652344
172,0.00019999999494757503,16.93675994873047,7.420660972595215,0.5478372573852539,2.9894204139709473,3.224177360534668,3.865286350250244,22.677968978881836
173,0.00019999999494757503,16.928884506225586,7.419734954833984,0.5491093993186951,2.986680030822754,3.2235779762268066,3.453500986099243,19.055526733398438
174,0.00019999999494757503,16.887557983398438,7.427952289581299,0.551437258720398,2.9693896770477295,3.220754861831665,3.4086718559265137,18.436241149902344
175,0.00019999999494757503,16.9055233001709,7.423064708709717,0.5487986207008362,2.977886915206909,3.2339823246002197,3.3061482906341553,18.418298721313477
176,0.00019999999494757503,16.970067977905273,7.457855701446533,0.541897177696228,2.990105152130127,3.238320827484131,3.141941785812378,17.948244094848633
177,0.00019999999494757503,16.773805618286133,7.388286113739014,0.5485103726387024,2.945669651031494,3.206615447998047,3.600867748260498,20.023609161376953
178,0.00019999999494757503,16.894615173339844,7.4002814292907715,0.5471567511558533,2.9823925495147705,3.2130191326141357,3.3218863010406494,18.393098831176758
179,0.00019999999494757503,16.542272567749023,7.26412296295166,0.5445392727851868,2.911203384399414,3.1603784561157227,3.3003716468811035,18.65277671813965
180,0.00019999999494757503,16.837968826293945,7.36778450012207,0.5429293513298035,2.9757518768310547,3.2058684825897217,3.370518207550049,18.112485885620117
181,0.00019999999494757503,16.91338539123535,7.413740634918213,0.5507181882858276,2.9829752445220947,3.2324278354644775,3.5172576904296875,19.38519287109375
182,0.00019999999494757503,16.841129302978516,7.395419120788574,0.5458351969718933,2.9666249752044678,3.2208504676818848,3.3033018112182617,18.526626586914062
183,0.00019999999494757503,16.7965145111084,7.373785018920898,0.5449492931365967,2.9592599868774414,3.20603346824646,3.991670846939087,21.101511001586914
184,0.00019999999494757503,16.648584365844727,7.306244850158691,0.5403863787651062,2.9339842796325684,3.1801459789276123,3.7217650413513184,20.931926727294922
185,0.00019999999494757503,16.58875846862793,7.287304401397705,0.5413333177566528,2.9200401306152344,3.158980131149292,3.538611650466919,19.864761352539062
186,0.00019999999494757503,16.405223846435547,7.176695346832275,0.5402109026908875,2.8961055278778076,3.124565839767456,3.449474573135376,19.200044631958008
187,0.00019999999494757503,16.43480682373047,7.230274200439453,0.5378061532974243,2.888909101486206,3.1601223945617676,3.164829969406128,17.34701156616211
188,0.00019999999494757503,16.51594352722168,7.242208957672119,0.5448760986328125,2.9096198081970215,3.1563966274261475,3.2644317150115967,17.997037887573242
189,0.00019999999494757503,16.4351749420166,7.210156440734863,0.54135662317276,2.8945538997650146,3.1395490169525146,3.15171480178833,17.25339698791504
190,0.00019999999494757503,16.54058837890625,7.254207134246826,0.5358532071113586,2.9168429374694824,3.161527633666992,3.1727936267852783,17.842687606811523
191,0.00019999999494757503,16.488101959228516,7.2162017822265625,0.5362078547477722,2.9118974208831787,3.133739948272705,4.058320045471191,19.799970626831055
192,0.00019999999494757503,16.404956817626953,7.194026947021484,0.5392865538597107,2.89054799079895,3.133227586746216,3.411661148071289,18.68793487548828
193,0.00019999999494757503,16.241910934448242,7.129159450531006,0.5316807627677917,2.8603568077087402,3.102367401123047,3.169260025024414,17.515953063964844
194,0.00019999999494757503,16.518911361694336,7.255966663360596,0.5310116410255432,2.910644054412842,3.148885488510132,3.2237331867218018,18.448307037353516
195,0.00019999999494757503,16.360319137573242,7.195298194885254,0.5315378904342651,2.8778276443481445,3.136500120162964,3.331925392150879,18.498868942260742
196,0.00019999999494757503,16.165660858154297,7.111762046813965,0.530796468257904,2.841033935546875,3.1047518253326416,3.3985249996185303,19.06368637084961
197,0.00019999999494757503,16.38994026184082,7.220718860626221,0.5276203751564026,2.880533456802368,3.139430522918701,3.3304691314697266,19.062885284423828
198,0.00019999999494757503,16.3527774810791,7.168070316314697,0.5362008810043335,2.8828353881835938,3.1304173469543457,3.3475418090820312,18.8245906829834
199,0.00019999999494757503,16.33289337158203,7.163992404937744,0.5323642492294312,2.878845691680908,3.114614725112915,3.3084096908569336,18.069272994995117
200,0.00019999999494757503,16.236839294433594,7.1600728034973145,0.531944990158081,2.848273754119873,3.122533082962036,3.2259068489074707,17.808156967163086
201,0.00019994999456685036,16.167232513427734,7.121180534362793,0.5341150164604187,2.837312698364258,3.1185264587402344,3.2520713806152344,18.36372947692871
202,0.0001998999941861257,16.11579132080078,7.06886100769043,0.534398078918457,2.837510824203491,3.0889475345611572,3.2579405307769775,17.562915802001953
203,0.00019984999380540103,16.24277687072754,7.122506618499756,0.5332015752792358,2.862355947494507,3.104264497756958,3.401768445968628,19.863149642944336
204,0.00019979999342467636,16.09459686279297,7.095654487609863,0.5344861149787903,2.8214855194091797,3.096107006072998,3.6384642124176025,19.698238372802734
205,0.0001997499930439517,16.03366470336914,7.012828350067139,0.5312694907188416,2.829855442047119,3.0527143478393555,3.135383367538452,17.243989944458008
206,0.00019970000721514225,16.07830238342285,7.051629543304443,0.5304505228996277,2.8320741653442383,3.064944267272949,3.3154397010803223,18.574800491333008
207,0.00019965000683441758,16.04547882080078,7.066112995147705,0.5335142612457275,2.815284013748169,3.0846307277679443,3.7840323448181152,18.83197593688965
208,0.0001996000064536929,15.99526596069336,7.03559684753418,0.5328150987625122,2.8089516162872314,3.0699446201324463,3.2409489154815674,17.909780502319336
209,0.00019955000607296824,15.829301834106445,6.926197052001953,0.529119610786438,2.7913284301757812,3.026412010192871,3.6856181621551514,20.256507873535156
210,0.00019950000569224358,15.842429161071777,6.981426239013672,0.5266740322113037,2.778109550476074,3.0350093841552734,3.1095967292785645,17.28532600402832
211,0.0001994500053115189,16.129119873046875,7.088367938995361,0.534828245639801,2.8353078365325928,3.0839271545410156,3.3711705207824707,18.691421508789062
212,0.00019940000493079424,15.777505874633789,6.904095649719238,0.5316110253334045,2.78059983253479,3.0174732208251953,3.5701966285705566,19.326725006103516
213,0.00019935000455006957,15.839811325073242,6.9780659675598145,0.5271626114845276,2.7781941890716553,3.036358594894409,3.345226526260376,18.782001495361328
214,0.0001993000041693449,16.042322158813477,7.0329742431640625,0.5239768624305725,2.8284573554992676,3.059102773666382,3.395585775375366,19.70751190185547
215,0.00019925000378862023,15.774772644042969,6.919201374053955,0.5281877517700195,2.775794267654419,3.0180959701538086,3.3368563652038574,18.206403732299805
216,0.00019920000340789557,15.7285737991333,6.878469467163086,0.5253840684890747,2.774906873703003,2.9956271648406982,3.3836557865142822,19.208921432495117
217,0.0001991500030271709,15.74013900756836,6.927313327789307,0.5283322930335999,2.761497735977173,3.0026047229766846,3.147482395172119,17.205602645874023
218,0.00019910000264644623,15.736869812011719,6.932926654815674,0.5291974544525146,2.7582485675811768,3.0218136310577393,3.158647298812866,18.05728530883789
219,0.00019905000226572156,15.777591705322266,6.913708686828613,0.527492105960846,2.778796911239624,3.0299735069274902,3.226830244064331,18.004159927368164
220,0.0001990000018849969,15.659978866577148,6.885845184326172,0.5225353240966797,2.750532865524292,3.0091729164123535,3.426605224609375,19.42136573791504
221,0.00019895000150427222,15.716476440429688,6.900914192199707,0.5254127979278564,2.763383150100708,3.011085271835327,3.43135404586792,18.94484519958496
222,0.00019890000112354755,15.665871620178223,6.891036510467529,0.5260552167892456,2.7495932579040527,3.0154354572296143,3.1827423572540283,17.46985626220703
223,0.00019885000074282289,15.67684268951416,6.889658451080322,0.5223385095596313,2.754948616027832,3.002707004547119,3.2551589012145996,17.41006088256836
224,0.00019880000036209822,15.687630653381348,6.911875247955322,0.5262958407402039,2.749819755554199,3.0168635845184326,3.1486358642578125,17.34735107421875
225,0.00019874999998137355,15.535983085632324,6.821911811828613,0.5264371633529663,2.7292113304138184,2.9742279052734375,3.229386568069458,17.211936950683594
226,0.00019869999960064888,15.590266227722168,6.85909366607666,0.5206812620162964,2.736830472946167,2.9975738525390625,3.936460256576538,21.797752380371094
227,0.0001986499992199242,15.569843292236328,6.869821071624756,0.5244467258453369,2.725191831588745,3.0016045570373535,3.1127257347106934,17.69999885559082
228,0.00019859999883919954,15.423480033874512,6.758608341217041,0.5238707065582275,2.713667154312134,2.9561312198638916,3.4850780963897705,17.383861541748047
229,0.00019854999845847487,15.58894157409668,6.8288726806640625,0.5205638408660889,2.7465016841888428,2.9898605346679688,3.311044454574585,18.047321319580078
230,0.0001984999980777502,15.44229507446289,6.778796672821045,0.5148484110832214,2.716216564178467,2.9636454582214355,3.0632452964782715,17.058509826660156
231,0.00019844999769702554,15.499592781066895,6.830588340759277,0.5228645205497742,2.7153801918029785,2.9679529666900635,3.0956058502197266,17.01109504699707
232,0.00019839999731630087,15.534451484680176,6.83709716796875,0.5207036733627319,2.7255499362945557,2.984297275543213,3.4100911617279053,18.851402282714844
233,0.0001983499969355762,15.499287605285645,6.839884281158447,0.5226125121116638,2.712263345718384,2.983780860900879,3.213520050048828,18.453588485717773
234,0.00019829999655485153,15.464618682861328,6.79034423828125,0.5217487812042236,2.717508316040039,2.962496042251587,3.2591168880462646,17.687578201293945
235,0.00019824999617412686,15.3535737991333,6.742692947387695,0.5180417895317078,2.697613000869751,2.9441702365875244,3.7041847705841064,20.04212760925293
236,0.0001981999957934022,15.295994758605957,6.740016460418701,0.5200841426849365,2.67863130569458,2.950693368911743,3.023732900619507,17.08073616027832
237,0.00019814999541267753,15.47260856628418,6.833611488342285,0.5183802843093872,2.7068722248077393,2.9916090965270996,3.0984833240509033,17.44369888305664
238,0.00019809999503195286,15.345048904418945,6.75852108001709,0.5184236168861389,2.6893680095672607,2.9567596912384033,3.242133140563965,17.152923583984375
239,0.0001980499946512282,15.263285636901855,6.709817409515381,0.5179225206375122,2.6785154342651367,2.9263105392456055,3.144103527069092,17.21852684020996
240,0.00019799999427050352,15.290048599243164,6.738661289215088,0.5130306482315063,2.6794521808624268,2.9528627395629883,3.242919683456421,18.131662368774414
241,0.00019794999388977885,15.192058563232422,6.679706573486328,0.5145440697669983,2.66593599319458,2.9288601875305176,3.4426374435424805,19.39144515991211
242,0.00019789999350905418,15.281075477600098,6.711239337921143,0.5194473266601562,2.6834630966186523,2.938591241836548,3.1931817531585693,17.06513214111328
243,0.00019784999312832952,15.190462112426758,6.688924789428711,0.5175641775131226,2.6613245010375977,2.926764726638794,3.0713770389556885,16.91626739501953
244,0.00019779999274760485,15.242359161376953,6.703017234802246,0.5181249976158142,2.673738718032837,2.936440944671631,3.3407742977142334,17.15965461730957
245,0.0001977500069187954,15.280107498168945,6.7298736572265625,0.5178564786911011,2.6774590015411377,2.9393224716186523,3.085268974304199,17.03850746154785
246,0.00019770000653807074,15.008837699890137,6.603714466094971,0.5130536556243896,2.630689859390259,2.8856091499328613,3.1896169185638428,18.90441131591797
247,0.00019765000615734607,15.13111686706543,6.648626327514648,0.5165525078773499,2.6553125381469727,2.8978304862976074,3.318877935409546,17.707815170288086
248,0.0001976000057766214,14.9908447265625,6.575141906738281,0.5170158743858337,2.6328959465026855,2.876774549484253,3.292686700820923,17.331029891967773
249,0.00019755000539589673,15.095199584960938,6.638275623321533,0.5120863914489746,2.6482789516448975,2.904165744781494,3.0332796573638916,16.65498161315918
250,0.00019750000501517206,15.001351356506348,6.589796543121338,0.518470823764801,2.631027936935425,2.882521867752075,3.623227119445801,18.384000778198242
251,0.0001974500046344474,15.113401412963867,6.643688678741455,0.5148956775665283,2.6516058444976807,2.9228861331939697,3.273153305053711,18.09067153930664
252,0.00019740000425372273,15.157323837280273,6.6835527420043945,0.5137532353401184,2.653339147567749,2.908285617828369,3.168398380279541,17.046226501464844
253,0.00019735000387299806,15.053439140319824,6.610934257507324,0.513272762298584,2.6430773735046387,2.8949801921844482,3.0777008533477783,17.425846099853516
254,0.0001973000034922734,14.920963287353516,6.556674003601074,0.5134327411651611,2.6169521808624268,2.8735244274139404,2.9966068267822266,16.639690399169922
255,0.00019725000311154872,14.89324951171875,6.5526885986328125,0.5103708505630493,2.610063076019287,2.873522996902466,3.3195126056671143,17.659950256347656
256,0.00019720000273082405,14.967677116394043,6.603593826293945,0.5103556513786316,2.6179091930389404,2.8911540508270264,3.0716559886932373,16.888145446777344
257,0.00019715000235009938,15.180388450622559,6.666960716247559,0.513984739780426,2.6664810180664062,2.9126462936401367,3.2848379611968994,18.022661209106445
258,0.00019710000196937472,14.898686408996582,6.548585414886475,0.5157860517501831,2.611438035964966,2.8641910552978516,3.08029842376709,18.23282241821289
259,0.00019705000158865005,14.786538124084473,6.49117374420166,0.5159299969673157,2.5931448936462402,2.8603765964508057,3.181389093399048,17.744558334350586
260,0.00019700000120792538,15.019336700439453,6.6518049240112305,0.5128613114356995,2.6182234287261963,2.9027512073516846,3.265407085418701,17.47858238220215
261,0.0001969500008272007,15.135431289672852,6.682515621185303,0.5134003758430481,2.646505117416382,2.9231300354003906,3.2102012634277344,16.93871307373047
262,0.00019690000044647604,14.902894973754883,6.561321258544922,0.517720639705658,2.6079509258270264,2.8670268058776855,3.0954878330230713,16.984880447387695
263,0.00019685000006575137,14.74207592010498,6.540379047393799,0.5180928707122803,2.5612010955810547,2.849452495574951,3.017179250717163,16.744958877563477
264,0.0001967999996850267,14.845677375793457,6.515676021575928,0.5119926929473877,2.6060028076171875,2.8456482887268066,3.2958712577819824,17.83969497680664
265,0.00019674999930430204,14.732157707214355,6.488008975982666,0.5103227496147156,2.577942132949829,2.8445451259613037,2.9827842712402344,16.40781593322754
266,0.00019669999892357737,14.914000511169434,6.564242362976074,0.5122215151786804,2.6125121116638184,2.8770322799682617,3.226959228515625,18.14246368408203
267,0.0001966499985428527,14.817191123962402,6.480525493621826,0.5064085721969604,2.6100857257843018,2.8424105644226074,3.762023687362671,20.571582794189453
268,0.00019659999816212803,14.790596961975098,6.493847370147705,0.5125560164451599,2.594731330871582,2.8347904682159424,3.172814130783081,18.250503540039062
269,0.00019654999778140336,14.860013008117676,6.523039817810059,0.5100064873695374,2.6089887619018555,2.8555667400360107,3.021738052368164,16.756338119506836
270,0.0001964999974006787,14.741327285766602,6.495057106018066,0.515313982963562,2.5769853591918945,2.837912082672119,2.9927985668182373,16.48790168762207
271,0.00019644999701995403,14.577563285827637,6.413886547088623,0.5093185901641846,2.551452875137329,2.815229892730713,3.2383458614349365,17.034183502197266
272,0.00019639999663922936,14.779610633850098,6.51845645904541,0.5045967698097229,2.5855190753936768,2.8462746143341064,3.132333993911743,17.27325439453125
273,0.0001963499962585047,14.59097671508789,6.4160027503967285,0.5078850388526917,2.5556962490081787,2.8105576038360596,3.588472843170166,18.226627349853516
274,0.00019629999587778002,14.665887832641602,6.452789306640625,0.5137722492218018,2.5664422512054443,2.831486701965332,3.327458381652832,17.4455509185791
275,0.00019624999549705535,14.605340957641602,6.441210746765137,0.5072479248046875,2.5522940158843994,2.8238871097564697,3.0931971073150635,17.32913589477539
276,0.00019619999511633068,14.65958309173584,6.455263137817383,0.510370671749115,2.564649820327759,2.82269549369812,3.2986655235290527,17.813976287841797
277,0.00019614999473560601,14.6858549118042,6.482586860656738,0.510380208492279,2.564296007156372,2.8379769325256348,2.932929277420044,16.479402542114258
278,0.00019609999435488135,14.589302062988281,6.445725917816162,0.5047827959060669,2.546264410018921,2.824312210083008,3.457590103149414,20.224437713623047
279,0.00019604999397415668,14.765181541442871,6.495027542114258,0.5078520178794861,2.5874340534210205,2.8318839073181152,2.9672582149505615,16.45972442626953
280,0.000195999993593432,14.486037254333496,6.369784355163574,0.5074948668479919,2.536252498626709,2.7868258953094482,3.1495792865753174,17.636856079101562
281,0.00019594999321270734,14.515238761901855,6.3992815017700195,0.510421097278595,2.5351784229278564,2.8008880615234375,3.0532376766204834,16.672317504882812
282,0.00019589999283198267,14.46323013305664,6.342402458190918,0.5082920789718628,2.5375118255615234,2.779470682144165,3.173105239868164,16.547948837280273
283,0.00019585000700317323,14.588001251220703,6.448951721191406,0.5074296593666077,2.5438730716705322,2.83268666267395,2.9409871101379395,16.364479064941406
284,0.00019580000662244856,14.59659481048584,6.409878730773926,0.5062015652656555,2.560171604156494,2.7990522384643555,3.2658615112304688,18.175020217895508
285,0.0001957500062417239,14.497180938720703,6.373290538787842,0.5062316656112671,2.539219617843628,2.789675235748291,2.945962905883789,15.985258102416992
286,0.00019570000586099923,14.472090721130371,6.366391181945801,0.506247341632843,2.5331506729125977,2.796476125717163,3.1435866355895996,17.144908905029297
287,0.00019565000548027456,14.49962043762207,6.392504692077637,0.5042062997817993,2.5343031883239746,2.796978712081909,3.6120996475219727,18.790578842163086
288,0.0001956000050995499,14.462648391723633,6.374070167541504,0.5059060454368591,2.527557373046875,2.7969491481781006,3.0183563232421875,16.571805953979492
289,0.00019555000471882522,14.344615936279297,6.326919078826904,0.5071535110473633,2.503514528274536,2.7628118991851807,3.172306537628174,17.893770217895508
290,0.00019550000433810055,14.40133285522461,6.322350978851318,0.506637454032898,2.5241148471832275,2.778803586959839,3.453516721725464,18.46059226989746
291,0.00019545000395737588,14.418103218078613,6.360931396484375,0.507795512676239,2.516458749771118,2.79526424407959,3.136441469192505,17.471176147460938
292,0.00019540000357665122,14.392233848571777,6.337539196014404,0.5019143223762512,2.5175933837890625,2.7773828506469727,3.0631749629974365,16.960926055908203
293,0.00019535000319592655,14.331574440002441,6.315733909606934,0.5077056288719177,2.502711534500122,2.7585232257843018,3.212874412536621,17.355693817138672
294,0.00019530000281520188,14.317596435546875,6.2813801765441895,0.5012412667274475,2.511658191680908,2.7533934116363525,3.0373928546905518,16.664329528808594
295,0.0001952500024344772,14.486100196838379,6.363440990447998,0.5068957209587097,2.538588047027588,2.781717538833618,3.0975265502929688,17.021265029907227
296,0.00019520000205375254,14.343870162963867,6.305692672729492,0.5044766664505005,2.5112335681915283,2.7577855587005615,3.000460147857666,16.39047622680664
297,0.00019515000167302787,14.184913635253906,6.259914398193359,0.5051190853118896,2.4732935428619385,2.7499051094055176,2.9977025985717773,16.853029251098633
298,0.0001951000012923032,14.239775657653809,6.276957988739014,0.502524197101593,2.486764430999756,2.753214120864868,3.35976243019104,19.147768020629883
299,0.00019505000091157854,14.325965881347656,6.30844259262085,0.5012341141700745,2.505429744720459,2.7559170722961426,3.0950162410736084,16.537012100219727
300,0.00019500000053085387,14.376296043395996,6.342563629150391,0.508466362953186,2.5084221363067627,2.778453826904297,3.1678600311279297,17.123680114746094
301,0.0001949500001501292,14.26500129699707,6.260532379150391,0.5022684931755066,2.5007333755493164,2.7391154766082764,3.021517276763916,16.904996871948242
302,0.00019489999976940453,14.125996589660645,6.186316967010498,0.5023505687713623,2.479109764099121,2.722773551940918,2.9281957149505615,16.328643798828125
303,0.00019484999938867986,14.315180778503418,6.312558174133301,0.5029692053794861,2.4998843669891357,2.7619729042053223,3.1337742805480957,17.131776809692383
304,0.0001947999990079552,14.223674774169922,6.266416549682617,0.5035827159881592,2.484558582305908,2.752075433731079,3.1212944984436035,17.264572143554688
305,0.00019474999862723053,14.125079154968262,6.211857318878174,0.5034376978874207,2.469928026199341,2.725234031677246,3.006704568862915,16.552549362182617
306,0.00019469999824650586,14.075715065002441,6.1825127601623535,0.49875175952911377,2.4648165702819824,2.718626022338867,3.5943336486816406,19.917884826660156
307,0.0001946499978657812,14.184797286987305,6.250543117523193,0.49977028369903564,2.478161096572876,2.7497751712799072,3.1433372497558594,17.93170738220215
308,0.00019459999748505652,14.038294792175293,6.198710918426514,0.4995307922363281,2.4466845989227295,2.7088961601257324,3.0859899520874023,16.91522216796875
309,0.00019454999710433185,14.156333923339844,6.245594024658203,0.4996579885482788,2.470360517501831,2.740839958190918,3.566425085067749,18.872947692871094
310,0.00019449999672360718,14.139171600341797,6.2262959480285645,0.500159502029419,2.4709055423736572,2.7357804775238037,2.9545998573303223,16.139942169189453
311,0.00019444999634288251,14.100425720214844,6.231502056121826,0.5009022355079651,2.456007242202759,2.732245922088623,3.139967918395996,16.743701934814453
312,0.00019439999596215785,14.013538360595703,6.172457218170166,0.5009959936141968,2.44669508934021,2.7139241695404053,3.4830551147460938,17.887609481811523
313,0.00019434999558143318,14.101847648620605,6.225538730621338,0.502544641494751,2.457921266555786,2.7338476181030273,2.9283294677734375,16.51821517944336
314,0.0001942999952007085,14.132347106933594,6.21645975112915,0.5026800036430359,2.471069097518921,2.7225990295410156,2.9684324264526367,16.028966903686523
315,0.00019424999481998384,14.06929874420166,6.222550392150879,0.5033104419708252,2.447812795639038,2.7194924354553223,3.1667933464050293,17.26038932800293
316,0.00019419999443925917,13.949480056762695,6.128740310668945,0.5016119480133057,2.439709186553955,2.7005083560943604,2.9629082679748535,16.37552261352539
317,0.0001941499940585345,14.025951385498047,6.1839189529418945,0.5002615451812744,2.4472570419311523,2.714169502258301,3.2792282104492188,18.47130584716797
318,0.00019409999367780983,14.01492977142334,6.1542463302612305,0.4993654191493988,2.45377254486084,2.7081024646759033,3.009061574935913,16.836063385009766
319,0.00019404999329708517,14.011577606201172,6.181468963623047,0.49805575609207153,2.4440176486968994,2.7072527408599854,3.13531494140625,16.7701416015625
320,0.0001939999929163605,14.222033500671387,6.277305603027344,0.499420702457428,2.48176908493042,2.7446606159210205,2.9821252822875977,16.804899215698242
321,0.00019395000708755106,13.971717834472656,6.1447954177856445,0.4991779625415802,2.4425816535949707,2.695495367050171,2.9181394577026367,15.913256645202637
322,0.0001939000067068264,13.926012992858887,6.163227081298828,0.4971368610858917,2.4218828678131104,2.7077035903930664,2.9516685009002686,16.35257339477539
323,0.00019385000632610172,13.868218421936035,6.1086297035217285,0.4928249418735504,2.422254800796509,2.683786153793335,3.0186777114868164,16.252328872680664
324,0.00019380000594537705,13.97714900970459,6.165865898132324,0.49827757477760315,2.437668561935425,2.706834554672241,3.2105960845947266,17.984474182128906
325,0.00019375000556465238,13.912330627441406,6.11475944519043,0.495134562253952,2.43414568901062,2.6860363483428955,3.052664041519165,17.552492141723633
326,0.00019370000518392771,13.934748649597168,6.129907608032227,0.4942111372947693,2.4368767738342285,2.701124429702759,3.463590621948242,18.732526779174805
327,0.00019365000480320305,13.888237953186035,6.127418518066406,0.49581825733184814,2.4216670989990234,2.690239429473877,2.9242916107177734,16.23667335510254
328,0.00019360000442247838,13.731696128845215,6.080874919891357,0.49419254064559937,2.385542869567871,2.6663825511932373,3.0657527446746826,16.77846908569336
329,0.0001935500040417537,13.79822826385498,6.086944103240967,0.4963204264640808,2.4049880504608154,2.6729202270507812,3.2052793502807617,17.032543182373047
330,0.00019350000366102904,13.883626937866211,6.124318599700928,0.4994348883628845,2.4199578762054443,2.680598497390747,3.246021032333374,17.474018096923828
331,0.00019345000328030437,13.776043891906738,6.06947660446167,0.49448251724243164,2.4040284156799316,2.664003849029541,2.983417510986328,16.51663589477539
332,0.0001934000028995797,13.760171890258789,6.075374126434326,0.49607253074645996,2.3962416648864746,2.671849012374878,3.030071973800659,16.80291748046875
333,0.00019335000251885504,13.78515338897705,6.086689472198486,0.4987931549549103,2.399890184402466,2.6692965030670166,2.907867670059204,16.54001808166504
334,0.00019330000213813037,13.825759887695312,6.090804100036621,0.49627238512039185,2.4128944873809814,2.6685025691986084,3.1330690383911133,17.806652069091797
335,0.0001932500017574057,13.865342140197754,6.0986833572387695,0.49291443824768066,2.424581527709961,2.66572904586792,2.95578670501709,16.210840225219727
336,0.00019320000137668103,13.786020278930664,6.079753875732422,0.49393871426582336,2.404109239578247,2.6769566535949707,2.930227518081665,16.253679275512695
337,0.00019315000099595636,13.69005298614502,6.03170108795166,0.49527084827423096,2.3876936435699463,2.6443357467651367,3.050650119781494,16.50314712524414
338,0.0001931000006152317,13.935286521911621,6.155149459838867,0.4932282865047455,2.428969383239746,2.69547176361084,2.9686625003814697,16.164918899536133
339,0.00019305000023450702,13.694517135620117,6.032923221588135,0.48872095346450806,2.390957832336426,2.6547560691833496,3.082636594772339,16.104238510131836
340,0.00019299999985378236,13.625109672546387,6.0178327560424805,0.49029913544654846,2.372325897216797,2.6386606693267822,3.358682870864868,17.467613220214844
341,0.0001929499994730577,13.705872535705566,6.02532434463501,0.4978412389755249,2.394235372543335,2.6462008953094482,3.2245280742645264,18.548295974731445
342,0.00019289999909233302,13.724595069885254,6.025728702545166,0.49328747391700745,2.401859760284424,2.653730630874634,2.9701781272888184,16.092607498168945
343,0.00019284999871160835,13.701454162597656,6.050508499145508,0.49062448740005493,2.3867735862731934,2.6514508724212646,3.0913290977478027,16.634275436401367
344,0.00019279999833088368,13.773221015930176,6.074943542480469,0.4896126389503479,2.402888298034668,2.676847457885742,2.9444949626922607,16.23809242248535
345,0.000192749997950159,13.769763946533203,6.072718143463135,0.49567073583602905,2.400458335876465,2.660722017288208,2.961735486984253,16.37936782836914
346,0.00019269999756943434,13.512712478637695,5.958148002624512,0.4956631362438202,2.3529672622680664,2.617459774017334,3.0782713890075684,16.958642959594727
347,0.00019264999718870968,13.505406379699707,5.926437854766846,0.49471378326416016,2.3614182472229004,2.613574743270874,3.229949474334717,16.390953063964844
348,0.000192599996807985,13.60598087310791,5.997004985809326,0.4926537871360779,2.3721072673797607,2.6342380046844482,2.9576773643493652,16.15104103088379
349,0.00019254999642726034,13.628535270690918,6.000102996826172,0.49303343892097473,2.3784663677215576,2.637113332748413,3.1812760829925537,17.718257904052734
350,0.00019249999604653567,13.555383682250977,6.003843784332275,0.4954042434692383,2.3520450592041016,2.6333889961242676,2.960038423538208,16.325828552246094
351,0.000192449995665811,13.611804008483887,6.0094780921936035,0.4893791675567627,2.3709821701049805,2.636615514755249,2.929784059524536,16.370380401611328
352,0.00019239999528508633,13.61932373046875,6.020773410797119,0.4929254949092865,2.368541717529297,2.642106771469116,3.083256721496582,17.496883392333984
353,0.00019234999490436167,13.485481262207031,5.9549407958984375,0.4931269586086273,2.345804452896118,2.614657402038574,2.91275691986084,15.772034645080566
354,0.000192299994523637,13.649478912353516,6.007892608642578,0.49244511127471924,2.383047103881836,2.635268211364746,2.9654762744903564,16.183353424072266
355,0.00019224999414291233,13.556578636169434,5.978241920471191,0.49364030361175537,2.361565589904785,2.6187171936035156,3.218622922897339,16.984216690063477
356,0.00019219999376218766,13.68758773803711,6.0521087646484375,0.49388769268989563,2.38053035736084,2.657209873199463,3.061861276626587,16.83779525756836
357,0.000192149993381463,13.462432861328125,5.9591522216796875,0.4907967448234558,2.3374946117401123,2.6212706565856934,3.1751785278320312,16.830799102783203
358,0.00019209999300073832,13.538147926330566,5.968625068664551,0.4941464960575104,2.358458995819092,2.6210925579071045,3.0029296875,16.022380828857422
359,0.00019205000717192888,13.507368087768555,5.966470241546631,0.48975035548210144,2.3503825664520264,2.6199088096618652,3.017524003982544,16.599830627441406
360,0.00019200000679120421,13.518594741821289,5.952854633331299,0.4925801753997803,2.357719898223877,2.6121373176574707,2.9166860580444336,15.92957878112793
361,0.00019195000641047955,13.500412940979004,5.960784912109375,0.4902430474758148,2.34979510307312,2.620642900466919,3.005333662033081,16.553529739379883
362,0.00019190000602975488,13.469511985778809,5.932310104370117,0.49142977595329285,2.348590850830078,2.5990560054779053,3.0667853355407715,16.84720230102539
363,0.0001918500056490302,13.329044342041016,5.868076324462891,0.4898364245891571,2.3237104415893555,2.5881731510162354,2.965867042541504,16.641036987304688
364,0.00019180000526830554,13.400992393493652,5.931618690490723,0.49142324924468994,2.3259832859039307,2.6114814281463623,2.9282922744750977,16.339698791503906
365,0.00019175000488758087,13.557238578796387,5.987712860107422,0.4930232763290405,2.3588340282440186,2.6302037239074707,3.0068984031677246,16.090696334838867
366,0.0001917000045068562,13.325407981872559,5.855396270751953,0.4910565912723541,2.3263185024261475,2.5713024139404297,2.908207654953003,16.198619842529297
367,0.00019165000412613153,13.295592308044434,5.870395183563232,0.4865790903568268,2.312872886657715,2.5851545333862305,2.8808658123016357,15.90464973449707
368,0.00019160000374540687,13.416871070861816,5.903549671173096,0.4885873794555664,2.341578245162964,2.5915884971618652,2.995887517929077,16.310731887817383
369,0.0001915500033646822,13.31559944152832,5.880166530609131,0.4896024763584137,2.315276622772217,2.593134880065918,2.814822196960449,15.873403549194336
370,0.00019150000298395753,13.353815078735352,5.891254425048828,0.4948057234287262,2.322585105895996,2.5938222408294678,3.330869674682617,17.58267593383789
371,0.00019145000260323286,13.376424789428711,5.910836219787598,0.49060356616973877,2.3249950408935547,2.601252555847168,3.0935325622558594,17.414581298828125
372,0.0001914000022225082,13.434069633483887,5.939425945281982,0.48907843232154846,2.335188388824463,2.612144708633423,3.2102789878845215,16.888328552246094
373,0.00019135000184178352,13.37801742553711,5.910177230834961,0.4942323863506317,2.324535846710205,2.5944902896881104,3.0369765758514404,16.288307189941406
374,0.00019130000146105886,13.319324493408203,5.860289573669434,0.48597297072410583,2.3243539333343506,2.5751559734344482,3.1633615493774414,17.77215576171875
375,0.0001912500010803342,13.406105995178223,5.892284870147705,0.4924672245979309,2.340451240539551,2.5919599533081055,2.9213738441467285,16.287700653076172
376,0.00019120000069960952,13.267410278320312,5.86695671081543,0.4907655715942383,2.3032290935516357,2.5760984420776367,3.1822502613067627,16.836624145507812
377,0.00019115000031888485,13.275989532470703,5.854797840118408,0.49012672901153564,2.3103549480438232,2.5755674839019775,2.9254276752471924,16.733739852905273
378,0.00019109999993816018,13.293610572814941,5.834829330444336,0.4883624017238617,2.323472738265991,2.566758155822754,2.9246203899383545,16.24138832092285
379,0.0001910499995574355,13.404187202453613,5.917270183563232,0.489593505859375,2.3324413299560547,2.6015443801879883,3.189624786376953,16.950927734375
380,0.00019099999917671084,13.356952667236328,5.8990159034729,0.49184566736221313,2.322030544281006,2.590911626815796,3.0838088989257812,17.324134826660156
381,0.00019094999879598618,13.397931098937988,5.90191650390625,0.4910300672054291,2.3349950313568115,2.5933969020843506,2.9678423404693604,16.24440574645996
382,0.0001908999984152615,13.320446014404297,5.8805413246154785,0.4870571196079254,2.3176157474517822,2.5894320011138916,2.828085422515869,15.766166687011719
383,0.00019084999803453684,13.197492599487305,5.8199920654296875,0.492518812417984,2.2949938774108887,2.55989408493042,2.84865665435791,15.7473783493042
384,0.00019079999765381217,13.208629608154297,5.836960315704346,0.4847114086151123,2.2956526279449463,2.569629430770874,2.8306143283843994,15.845491409301758
385,0.0001907499972730875,13.1436128616333,5.787101745605469,0.4842143952846527,2.2907657623291016,2.54834246635437,3.22267484664917,17.095991134643555
386,0.00019069999689236283,13.343911170959473,5.919790267944336,0.4895280599594116,2.311530828475952,2.5971004962921143,2.837905168533325,15.48265266418457
387,0.00019064999651163816,13.1782808303833,5.811723709106445,0.4864436388015747,2.2933712005615234,2.564939022064209,3.0080525875091553,16.34898567199707
388,0.0001905999961309135,13.277405738830566,5.8785319328308105,0.4902719259262085,2.3028671741485596,2.584296941757202,2.9044063091278076,15.650413513183594
389,0.00019054999575018883,13.172196388244629,5.8267621994018555,0.4848613142967224,2.2868576049804688,2.5588669776916504,3.0179014205932617,16.437650680541992
390,0.00019049999536946416,13.228424072265625,5.832796573638916,0.48524531722068787,2.3034605979919434,2.5626626014709473,2.9064009189605713,15.71792984008789
391,0.0001904499949887395,13.19333553314209,5.81406307220459,0.48540711402893066,2.29795503616333,2.5617032051086426,2.9123544692993164,16.19561767578125
392,0.00019039999460801482,13.212634086608887,5.836611270904541,0.48336726427078247,2.2975518703460693,2.564636707305908,2.8900270462036133,15.961155891418457
393,0.00019034999422729015,13.21387004852295,5.825358867645264,0.48426082730293274,2.3014168739318848,2.5660157203674316,3.1391801834106445,16.098007202148438
394,0.00019029999384656549,13.153510093688965,5.8002543449401855,0.48791274428367615,2.288447856903076,2.5516324043273926,3.0637643337249756,16.393699645996094
395,0.00019024999346584082,13.009244918823242,5.75974702835083,0.48206496238708496,2.2558109760284424,2.533369302749634,3.033141613006592,16.395055770874023
396,0.00019019999308511615,13.119766235351562,5.817940711975098,0.4821617305278778,2.273221254348755,2.5679807662963867,2.9192824363708496,16.348678588867188
397,0.0001901500072563067,13.101119041442871,5.757216453552246,0.4842990040779114,2.286534309387207,2.539588689804077,2.8421096801757812,15.813632011413574
398,0.00019010000687558204,13.028700828552246,5.767457485198975,0.4843718111515045,2.2589573860168457,2.535332202911377,3.150578498840332,17.666183471679688
399,0.00019005000649485737,13.106769561767578,5.790878772735596,0.48507159948349,2.276939868927002,2.5453855991363525,3.2973055839538574,18.400848388671875
400,0.0001900000061141327,13.123351097106934,5.769765853881836,0.4862697720527649,2.28910493850708,2.5386030673980713,3.212224245071411,16.892351150512695
401,0.00018995000573340803,13.18794059753418,5.8187947273254395,0.48041820526123047,2.2962424755096436,2.5481464862823486,2.788553476333618,15.414380073547363
402,0.00018990000535268337,13.05866527557373,5.795896053314209,0.4843428432941437,2.2594752311706543,2.5504767894744873,2.9299943447113037,16.084951400756836
403,0.0001898500049719587,12.969849586486816,5.713118553161621,0.48529407382011414,2.257145404815674,2.5149755477905273,2.953017473220825,16.327987670898438
404,0.00018980000459123403,13.115915298461914,5.793178558349609,0.4855668246746063,2.2790565490722656,2.541097402572632,3.2680535316467285,17.705276489257812
405,0.00018975000421050936,13.117475509643555,5.793633460998535,0.48541882634162903,2.2794742584228516,2.5529134273529053,2.9813828468322754,16.39613151550293
406,0.0001897000038297847,13.016926765441895,5.742093086242676,0.48387962579727173,2.263651132583618,2.5288069248199463,3.027961015701294,15.92203426361084
407,0.00018965000344906002,12.905075073242188,5.701091289520264,0.48215970396995544,2.240607976913452,2.514432907104492,3.1799464225769043,16.335561752319336
408,0.00018960000306833535,13.01305103302002,5.719824314117432,0.4833276569843292,2.2699661254882812,2.5130090713500977,2.942513942718506,16.185840606689453
409,0.00018955000268761069,13.047351837158203,5.7616376876831055,0.48455584049224854,2.26705265045166,2.535592794418335,2.960996389389038,16.533828735351562
410,0.00018950000230688602,12.990254402160645,5.72933292388916,0.4851304888725281,2.258596897125244,2.517598867416382,3.1737430095672607,16.73177719116211
411,0.00018945000192616135,12.975868225097656,5.715906620025635,0.48483365774154663,2.258375883102417,2.5182833671569824,3.450319290161133,19.514877319335938
412,0.00018940000154543668,12.921845436096191,5.705382823944092,0.4854971766471863,2.243655204772949,2.509007215499878,3.052462100982666,16.915590286254883
413,0.000189350001164712,12.965399742126465,5.74957799911499,0.48560774326324463,2.2434048652648926,2.53732967376709,2.872793674468994,15.69592571258545
414,0.00018930000078398734,12.909440040588379,5.692822456359863,0.48449745774269104,2.244040012359619,2.503664493560791,2.768177032470703,15.235333442687988
415,0.00018925000040326267,12.912789344787598,5.71599006652832,0.48317950963974,2.2378733158111572,2.5217506885528564,2.828479528427124,15.469221115112305
416,0.000189200000022538,12.861624717712402,5.684554100036621,0.48405954241752625,2.231003761291504,2.5048437118530273,2.9032421112060547,15.877795219421387
417,0.00018914999964181334,12.849875450134277,5.666103363037109,0.48045673966407776,2.234438419342041,2.4862985610961914,2.8941714763641357,16.67906379699707
418,0.00018909999926108867,12.988988876342773,5.73021125793457,0.4808574616909027,2.2593066692352295,2.515944004058838,3.1463782787323,16.774049758911133
419,0.000189049998880364,12.855483055114746,5.678894519805908,0.48473042249679565,2.230619430541992,2.506696939468384,3.059020757675171,16.43303108215332
420,0.00018899999849963933,12.756834030151367,5.621859550476074,0.47884446382522583,2.218709945678711,2.483384132385254,2.8465535640716553,15.545513153076172
421,0.00018894999811891466,12.856118202209473,5.697722911834717,0.48215794563293457,2.225412368774414,2.5046656131744385,3.085232734680176,16.985431671142578
422,0.00018889999773819,12.7899169921875,5.619278907775879,0.47969019412994385,2.230315923690796,2.4746456146240234,3.0196125507354736,16.13701820373535
423,0.00018884999735746533,12.861369132995605,5.700841426849365,0.48019933700561523,2.226775884628296,2.5109550952911377,2.858830451965332,15.586564064025879
424,0.00018879999697674066,12.863167762756348,5.667685508728027,0.4842067360877991,2.2370917797088623,2.4886834621429443,2.9682118892669678,16.455455780029297
425,0.000188749996596016,12.751201629638672,5.635217666625977,0.4766351878643036,2.213116407394409,2.4830434322357178,2.965498208999634,16.09675407409668
426,0.00018869999621529132,12.885679244995117,5.701859951019287,0.48521557450294495,2.23286771774292,2.5146982669830322,2.9884419441223145,15.985418319702148
427,0.00018864999583456665,12.853944778442383,5.674782752990723,0.48476606607437134,2.2314653396606445,2.4993247985839844,2.89384388923645,16.247400283813477
428,0.00018859999545384198,12.829073905944824,5.686146259307861,0.47790035605430603,2.2216758728027344,2.5025269985198975,3.234029769897461,18.155967712402344
429,0.00018854999507311732,12.842243194580078,5.671639442443848,0.4824088215827942,2.229398488998413,2.4931085109710693,2.914773464202881,16.055538177490234
430,0.00018849999469239265,12.836359977722168,5.663832664489746,0.4824810326099396,2.230015277862549,2.4937379360198975,3.1141440868377686,17.010358810424805
431,0.00018844999431166798,12.69469928741455,5.590372085571289,0.4818049371242523,2.207507371902466,2.4666125774383545,2.9988808631896973,16.742158889770508
432,0.0001883999939309433,12.854907035827637,5.681656360626221,0.4828900098800659,2.2301201820373535,2.509934425354004,2.9026055335998535,16.029342651367188
433,0.00018834999355021864,12.630864143371582,5.594478130340576,0.477969765663147,2.186138868331909,2.46366548538208,2.924422264099121,16.057830810546875
434,0.00018829999316949397,12.670659065246582,5.593716621398926,0.4827108681201935,2.1980769634246826,2.4678030014038086,3.2203404903411865,18.024677276611328
435,0.0001882499927887693,12.697875022888184,5.611268997192383,0.4816615581512451,2.201648235321045,2.470555305480957,3.1006813049316406,17.004257202148438
436,0.00018820000695995986,12.854095458984375,5.6785149574279785,0.48097920417785645,2.2315337657928467,2.4944522380828857,2.9534223079681396,15.93994426727295
437,0.0001881500065792352,12.805946350097656,5.659046173095703,0.4831412434577942,2.221252918243408,2.497936725616455,3.035463809967041,16.5364933013916
438,0.00018810000619851053,12.694787979125977,5.612801551818848,0.47909384965896606,2.2009639739990234,2.4676718711853027,3.1063084602355957,15.936203956604004
439,0.00018805000581778586,12.630033493041992,5.584293365478516,0.4792887568473816,2.188817024230957,2.466163396835327,2.831002950668335,15.409061431884766
440,0.0001880000054370612,12.684065818786621,5.602083206176758,0.4810052812099457,2.2003259658813477,2.4694876670837402,3.0186595916748047,16.591466903686523
441,0.00018795000505633652,12.63478946685791,5.584482669830322,0.4833833873271942,2.188974618911743,2.462031364440918,3.0482969284057617,17.00252914428711
442,0.00018790000467561185,12.684029579162598,5.604123115539551,0.4797162413597107,2.2000632286071777,2.4642908573150635,2.8948428630828857,15.645942687988281
443,0.00018785000429488719,12.652896881103516,5.578469276428223,0.4817664325237274,2.1975536346435547,2.461029291152954,2.9273743629455566,15.895780563354492
444,0.00018780000391416252,12.71059513092041,5.61083459854126,0.47657322883605957,2.2077291011810303,2.472099781036377,2.9537220001220703,16.258005142211914
445,0.00018775000353343785,12.66224193572998,5.5905609130859375,0.4794831871986389,2.197399377822876,2.4605460166931152,3.479591131210327,17.425527572631836
446,0.00018770000315271318,12.706082344055176,5.622268199920654,0.48322075605392456,2.200197696685791,2.479771137237549,2.7937915325164795,15.462844848632812
447,0.0001876500027719885,12.63941478729248,5.560586929321289,0.4788941740989685,2.1999778747558594,2.444364547729492,2.845703363418579,15.922636032104492
448,0.00018760000239126384,12.6502685546875,5.568972587585449,0.47736600041389465,2.2013099193573,2.45019268989563,2.8330962657928467,15.66324520111084
449,0.00018755000201053917,12.533219337463379,5.544773578643799,0.47871682047843933,2.169909715652466,2.442143440246582,2.9972527027130127,16.39128875732422
450,0.0001875000016298145,12.564054489135742,5.529579162597656,0.4782978892326355,2.1853926181793213,2.442817449569702,3.0119478702545166,16.201152801513672
451,0.00018745000124908984,12.706454277038574,5.6167497634887695,0.4787202775478363,2.2036612033843994,2.4771413803100586,2.9090375900268555,16.313888549804688
452,0.00018740000086836517,12.54957103729248,5.538335800170898,0.47946086525917053,2.177258014678955,2.436124801635742,3.0921194553375244,16.521087646484375
453,0.0001873500004876405,12.540287971496582,5.537981033325195,0.4756678342819214,2.175546407699585,2.4425675868988037,3.0423498153686523,16.955734252929688
454,0.00018730000010691583,12.613993644714355,5.581245422363281,0.4777315557003021,2.1850054264068604,2.4569175243377686,3.170572280883789,16.486478805541992
455,0.00018724999972619116,12.614664077758789,5.544943332672119,0.4759206175804138,2.1979334354400635,2.4391186237335205,2.9300220012664795,15.811853408813477
456,0.0001871999993454665,12.571793556213379,5.571951389312744,0.48018980026245117,2.173217296600342,2.4572248458862305,3.287168025970459,17.845163345336914
457,0.00018714999896474183,12.485222816467285,5.521830081939697,0.4786347448825836,2.161586046218872,2.436535358428955,2.796342611312866,15.987321853637695
458,0.00018709999858401716,12.445981979370117,5.511977672576904,0.47568589448928833,2.152772903442383,2.4269959926605225,2.885542154312134,15.72815227508545
459,0.0001870499982032925,12.546003341674805,5.533997058868408,0.47549960017204285,2.17883563041687,2.435124635696411,3.210545301437378,16.834501266479492
460,0.00018699999782256782,12.479421615600586,5.512045383453369,0.47849056124687195,2.162961959838867,2.425469160079956,2.894139289855957,16.319091796875
461,0.00018694999744184315,12.574357032775879,5.544114589691162,0.4762223958969116,2.184673309326172,2.4430902004241943,3.0017266273498535,16.586387634277344
462,0.00018689999706111848,12.506976127624512,5.557837009429932,0.48141103982925415,2.155909299850464,2.4538302421569824,2.82361102104187,15.37576675415039
463,0.00018684999668039382,12.518925666809082,5.552666187286377,0.4745025038719177,2.163918972015381,2.4377262592315674,3.208228826522827,18.132858276367188
464,0.00018679999629966915,12.372194290161133,5.449505805969238,0.4772816300392151,2.1484687328338623,2.4143564701080322,2.8885562419891357,15.499499320983887
465,0.00018674999591894448,12.488125801086426,5.521215438842773,0.47761133313179016,2.163099765777588,2.431652069091797,2.7424299716949463,15.270613670349121
466,0.0001866999955382198,12.529953956604004,5.528526782989502,0.48013412952423096,2.17376446723938,2.4330999851226807,3.3671443462371826,17.44378089904785
467,0.00018664999515749514,12.370198249816895,5.473699569702148,0.4736460745334625,2.140950918197632,2.406726121902466,2.9573535919189453,16.108943939208984
468,0.00018659999477677047,12.590962409973145,5.565893650054932,0.47932565212249756,2.1819143295288086,2.45405912399292,2.7998204231262207,15.574202537536621
469,0.0001865499943960458,12.53821086883545,5.5432000160217285,0.4773838520050049,2.172542095184326,2.4467852115631104,2.9522366523742676,15.636632919311523
470,0.00018649999401532114,12.584280967712402,5.563909530639648,0.4776079058647156,2.1809213161468506,2.4492287635803223,2.931377410888672,16.304426193237305
471,0.00018644999363459647,12.441864013671875,5.493569850921631,0.4761822521686554,2.1573703289031982,2.41036319732666,2.8644986152648926,15.783404350280762
472,0.0001863999932538718,12.290709495544434,5.4138360023498535,0.4774417281150818,2.133143901824951,2.388803243637085,3.2867226600646973,17.373180389404297
473,0.00018634999287314713,12.411287307739258,5.484165191650391,0.4761292040348053,2.1503310203552246,2.4209723472595215,2.892735004425049,15.745540618896484
474,0.0001863000070443377,12.407190322875977,5.474117755889893,0.4700079560279846,2.154355049133301,2.4152917861938477,2.8139350414276123,15.784468650817871
475,0.00018625000666361302,12.399410247802734,5.476619720458984,0.4745756685733795,2.149405002593994,2.4181196689605713,2.873900890350342,15.981736183166504
476,0.00018620000628288835,12.36757755279541,5.461625576019287,0.47712188959121704,2.1429433822631836,2.4135167598724365,2.804363250732422,15.384191513061523
477,0.00018615000590216368,12.285833358764648,5.427100658416748,0.4791813790798187,2.1265172958374023,2.399029493331909,2.8209362030029297,15.275130271911621
478,0.00018610000552143902,12.475503921508789,5.4966607093811035,0.4780515432357788,2.166930675506592,2.428400754928589,2.8950209617614746,15.896939277648926
479,0.00018605000514071435,12.335882186889648,5.452352046966553,0.47645360231399536,2.1356923580169678,2.404933452606201,2.8589649200439453,15.682994842529297
480,0.00018600000475998968,12.295947074890137,5.437071323394775,0.4745911657810211,2.1280949115753174,2.398984909057617,2.863652229309082,15.913413047790527
481,0.000185950004379265,12.420714378356934,5.5031232833862305,0.47618651390075684,2.147134780883789,2.417045831680298,2.9109580516815186,15.982778549194336
482,0.00018590000399854034,12.464699745178223,5.509329319000244,0.47351425886154175,2.160618543624878,2.4280476570129395,2.8808486461639404,15.469719886779785
483,0.00018585000361781567,12.257856369018555,5.427893161773682,0.474752813577652,2.118403434753418,2.392524003982544,2.8014018535614014,15.610237121582031
484,0.000185800003237091,12.323692321777344,5.438774585723877,0.47542575001716614,2.1364972591400146,2.3937323093414307,2.9654958248138428,15.985281944274902
485,0.00018575000285636634,12.346439361572266,5.452478408813477,0.4764760434627533,2.1391615867614746,2.4017891883850098,3.2574400901794434,17.00362205505371
486,0.00018570000247564167,12.406962394714355,5.490472316741943,0.47542279958724976,2.147022247314453,2.420250177383423,2.800164222717285,15.517522811889648
487,0.000185650002094917,12.260818481445312,5.42125129699707,0.47353413701057434,2.122011184692383,2.392362594604492,2.9162650108337402,15.971097946166992
488,0.00018560000171419233,12.331463813781738,5.455444812774658,0.4765309691429138,2.1331627368927,2.4119980335235596,3.3808233737945557,16.5311336517334
489,0.00018555000133346766,12.311650276184082,5.424058437347412,0.4753693640232086,2.1374077796936035,2.3877594470977783,2.830296277999878,15.772135734558105
490,0.000185500000952743,12.408536911010742,5.489332675933838,0.4748728275299072,2.1481103897094727,2.4224398136138916,2.969399929046631,16.06502342224121
491,0.00018545000057201833,12.255589485168457,5.411736011505127,0.4744691550731659,2.1231281757354736,2.379528522491455,2.832172393798828,15.279717445373535
492,0.00018540000019129366,12.378605842590332,5.466758728027344,0.4750877618789673,2.1455864906311035,2.4113595485687256,2.9438018798828125,16.180667877197266
493,0.000185349999810569,12.355488777160645,5.470193386077881,0.47583770751953125,2.136486053466797,2.407492160797119,3.024658441543579,16.660045623779297
494,0.00018529999942984432,12.152528762817383,5.378286838531494,0.4737984240055084,2.1001477241516113,2.3742215633392334,2.7832999229431152,15.548529624938965
495,0.00018524999904911965,12.363236427307129,5.455621719360352,0.4726337790489197,2.144993782043457,2.406130790710449,3.1980981826782227,17.099014282226562
496,0.00018519999866839498,12.272734642028809,5.452930927276611,0.4715957045555115,2.1160693168640137,2.4063310623168945,2.8518106937408447,15.96979808807373
497,0.00018514999828767031,12.228043556213379,5.389934539794922,0.47569912672042847,2.120803117752075,2.3747894763946533,2.7678167819976807,15.511896133422852
498,0.00018509999790694565,12.34241008758545,5.454964637756348,0.4752470850944519,2.137399435043335,2.403337240219116,3.3284897804260254,17.999338150024414
499,0.00018504999752622098,12.243598937988281,5.400848388671875,0.4749172627925873,2.1226110458374023,2.387636423110962,2.9611618518829346,16.422161102294922
500,0.0001849999971454963,12.188891410827637,5.374813079833984,0.4767971336841583,2.112426996231079,2.3702118396759033,3.013455629348755,16.08395004272461
501,0.00018494999676477164,12.172602653503418,5.407498836517334,0.46866777539253235,2.0988121032714844,2.3819282054901123,2.794513702392578,15.285985946655273
502,0.00018489999638404697,12.233630180358887,5.408647537231445,0.47122830152511597,2.1179182529449463,2.381880283355713,3.125354290008545,15.997971534729004
503,0.0001848499960033223,12.157069206237793,5.360680103302002,0.47469982504844666,2.107229709625244,2.372805118560791,2.9869742393493652,15.940009117126465
504,0.00018479999562259763,12.205117225646973,5.404800891876221,0.47511714696884155,2.1083998680114746,2.3827552795410156,2.814116954803467,15.375677108764648
505,0.00018474999524187297,12.0795259475708,5.3431220054626465,0.47523415088653564,2.0870563983917236,2.358616828918457,2.9747471809387207,15.954466819763184
506,0.0001846999948611483,12.139958381652832,5.37729549407959,0.4709514081478119,2.0972371101379395,2.3856542110443115,2.8982067108154297,15.751543998718262
507,0.00018464999448042363,12.210522651672363,5.398566722869873,0.4718242883682251,2.113377332687378,2.3857784271240234,2.9721875190734863,16.189062118530273
508,0.00018459999409969896,12.277776718139648,5.433787822723389,0.4684275686740875,2.1251871585845947,2.3948922157287598,2.857217788696289,15.674206733703613
509,0.0001845499937189743,12.201361656188965,5.401436805725098,0.4699372351169586,2.1099958419799805,2.377826690673828,2.878577470779419,16.02821159362793
510,0.00018449999333824962,12.124713897705078,5.340959548950195,0.47235333919525146,2.1038002967834473,2.3588368892669678,2.8769986629486084,15.912671089172363
511,0.00018444999295752496,12.2388277053833,5.4073052406311035,0.47372928261756897,2.1192643642425537,2.3858530521392822,2.8123300075531006,15.432079315185547
512,0.00018440000712871552,12.12191390991211,5.356752395629883,0.4719213545322418,2.0977466106414795,2.361518621444702,2.759617805480957,15.201952934265137
513,0.00018435000674799085,12.250100135803223,5.434058666229248,0.47097012400627136,2.1150238513946533,2.396040439605713,2.8624937534332275,16.238277435302734
514,0.00018430000636726618,12.10425090789795,5.349724292755127,0.4739105999469757,2.093538761138916,2.361299514770508,2.7998759746551514,15.390340805053711
515,0.0001842500059865415,12.075871467590332,5.351871490478516,0.47077327966690063,2.084408760070801,2.3660600185394287,2.90378737449646,16.112205505371094
516,0.00018420000560581684,12.148160934448242,5.379670143127441,0.4734324812889099,2.0983529090881348,2.3790318965911865,2.9715254306793213,16.388547897338867
517,0.00018415000522509217,12.024253845214844,5.3062639236450195,0.4715782105922699,2.082137107849121,2.340360641479492,3.3154518604278564,17.083086013793945
518,0.0001841000048443675,12.108341217041016,5.3514604568481445,0.47019800543785095,2.0955610275268555,2.3626794815063477,2.735325574874878,15.128690719604492
519,0.00018405000446364284,12.078022956848145,5.357031345367432,0.4702731668949127,2.0835728645324707,2.361563205718994,2.8742895126342773,15.526632308959961
520,0.00018400000408291817,12.110435485839844,5.341465473175049,0.47327733039855957,2.0985641479492188,2.359602451324463,2.9013137817382812,15.848379135131836
521,0.0001839500037021935,11.980467796325684,5.272122859954834,0.47045350074768066,2.0792970657348633,2.331505537033081,3.039560079574585,16.563751220703125
522,0.00018390000332146883,12.124953269958496,5.348564624786377,0.4721529185771942,2.101411819458008,2.351853370666504,3.3466453552246094,16.923925399780273
523,0.00018385000294074416,12.111590385437012,5.3734354972839355,0.46913015842437744,2.089674711227417,2.3776612281799316,2.874037981033325,15.499759674072266
524,0.0001838000025600195,12.039515495300293,5.344525337219238,0.47366470098495483,2.073775053024292,2.355267286300659,2.967251777648926,15.878570556640625
525,0.00018375000217929482,12.080560684204102,5.3346757888793945,0.47466886043548584,2.0904054641723633,2.358504056930542,2.8767764568328857,15.67646312713623
526,0.00018370000179857016,12.09859561920166,5.35535192489624,0.47279754281044006,2.090148687362671,2.3511574268341064,2.787879705429077,15.86348819732666
527,0.0001836500014178455,11.964612007141113,5.301115989685059,0.47164207696914673,2.0639514923095703,2.343142032623291,2.824331283569336,15.824935913085938
528,0.00018360000103712082,11.949254035949707,5.274960041046143,0.47056201100349426,2.067910671234131,2.324869394302368,2.8470864295959473,15.169509887695312
529,0.00018355000065639615,11.992600440979004,5.29927921295166,0.47172796726226807,2.073864459991455,2.334588050842285,2.9153149127960205,15.960302352905273
530,0.00018350000027567148,12.012922286987305,5.29139518737793,0.4704424738883972,2.0836949348449707,2.3380231857299805,2.8923380374908447,16.048948287963867
531,0.00018344999989494681,12.0396728515625,5.3232526779174805,0.4658498764038086,2.0835235118865967,2.3427419662475586,2.8259479999542236,15.895241737365723
532,0.00018339999951422215,11.89065933227539,5.252105712890625,0.470125287771225,2.056142807006836,2.3259799480438232,3.1476633548736572,16.772977828979492
533,0.00018334999913349748,12.035853385925293,5.3409576416015625,0.47083842754364014,2.07468581199646,2.3522751331329346,3.1999406814575195,16.90520477294922
534,0.0001832999987527728,12.098307609558105,5.358395099639893,0.47078701853752136,2.0897085666656494,2.36462664604187,2.9904448986053467,15.871527671813965
535,0.00018324999837204814,12.003308296203613,5.3158769607543945,0.4652426242828369,2.0740628242492676,2.3466954231262207,2.7801403999328613,15.266422271728516
536,0.00018319999799132347,12.01339054107666,5.3012590408325195,0.4651712477207184,2.082319974899292,2.341517448425293,2.817457914352417,15.574502944946289
537,0.0001831499976105988,11.978287696838379,5.299412727355957,0.46963876485824585,2.0697455406188965,2.3360700607299805,2.8075900077819824,15.656427383422852
538,0.00018309999722987413,11.943093299865723,5.270647048950195,0.47016075253486633,2.0674283504486084,2.3327131271362305,2.996053457260132,15.666914939880371
539,0.00018304999684914947,11.969602584838867,5.300958156585693,0.4689803719520569,2.066554546356201,2.3375437259674072,2.918368339538574,15.930169105529785
540,0.0001829999964684248,11.947746276855469,5.2803263664245605,0.46787822246551514,2.066514015197754,2.3302268981933594,2.813466787338257,15.357768058776855
541,0.00018294999608770013,11.915654182434082,5.284770488739014,0.46889960765838623,2.053994655609131,2.335089921951294,2.748666763305664,15.22620964050293
542,0.00018289999570697546,11.850251197814941,5.238830089569092,0.4707675874233246,2.046884536743164,2.322293281555176,2.993161916732788,15.917313575744629
543,0.0001828499953262508,12.016136169433594,5.30507230758667,0.46944698691368103,2.080538749694824,2.339277982711792,2.835848808288574,15.805815696716309
544,0.00018279999494552612,11.90904426574707,5.269508361816406,0.47096696496009827,2.056189775466919,2.320610761642456,2.9005110263824463,15.614700317382812
545,0.00018274999456480145,11.82658863067627,5.2233147621154785,0.4678610563278198,2.045137643814087,2.311732769012451,2.8603549003601074,15.615883827209473
546,0.00018269999418407679,12.021692276000977,5.319932460784912,0.46814072132110596,2.0778732299804688,2.347527027130127,2.9566619396209717,15.724215507507324
547,0.00018264999380335212,11.942117691040039,5.292550563812256,0.4682731330394745,2.060431480407715,2.337954044342041,2.899580240249634,15.717621803283691
548,0.00018259999342262745,11.912102699279785,5.246266841888428,0.46903112530708313,2.065601348876953,2.31007981300354,2.8166725635528564,15.65267562866211
549,0.00018254999304190278,11.862824440002441,5.248438835144043,0.4699181616306305,2.0481557846069336,2.319079637527466,2.769217014312744,15.119808197021484
550,0.00018250000721309334,11.965899467468262,5.3021416664123535,0.46292001008987427,2.066945791244507,2.3352646827697754,2.99574875831604,16.74445915222168
551,0.00018245000683236867,11.920207023620605,5.263425827026367,0.4682026505470276,2.062859296798706,2.322519540786743,2.8119142055511475,15.266194343566895
552,0.000182400006451644,11.834033012390137,5.245710372924805,0.46534469723701477,2.0409929752349854,2.3155438899993896,2.919663667678833,15.66637897491455
553,0.00018235000607091933,11.883073806762695,5.278445720672607,0.46477851271629333,2.046616554260254,2.3283944129943848,3.082435131072998,15.898412704467773
554,0.00018230000569019467,11.813787460327148,5.233504295349121,0.46901053190231323,2.037091016769409,2.313833475112915,2.7740731239318848,15.49393367767334
555,0.00018225000530947,11.880871772766113,5.283936977386475,0.46751391887664795,2.043140172958374,2.3261446952819824,3.0809311866760254,16.591880798339844
556,0.00018220000492874533,11.736224174499512,5.205639362335205,0.4623531699180603,2.0227437019348145,2.3056836128234863,2.9197394847869873,15.798988342285156
557,0.00018215000454802066,11.895432472229004,5.250080585479736,0.46666088700294495,2.059563636779785,2.3112869262695312,2.8319737911224365,15.689939498901367
558,0.000182100004167296,12.00978946685791,5.315436840057373,0.47015005350112915,2.0747344493865967,2.3464059829711914,2.8865017890930176,15.674554824829102
559,0.00018205000378657132,11.85222339630127,5.250332832336426,0.46962735056877136,2.0440876483917236,2.3158249855041504,3.114567279815674,16.943649291992188
560,0.00018200000340584666,11.878117561340332,5.237085342407227,0.46875110268592834,2.057427167892456,2.3121769428253174,2.908604145050049,16.130720138549805
561,0.000181950003025122,11.753669738769531,5.1680498123168945,0.4692239463329315,2.0387985706329346,2.2796669006347656,2.8107247352600098,14.99213981628418
562,0.00018190000264439732,11.777406692504883,5.201059818267822,0.4662432074546814,2.036701202392578,2.297891139984131,2.766244411468506,15.291474342346191
563,0.00018185000226367265,11.752912521362305,5.215338706970215,0.46693557500839233,2.023545980453491,2.30387806892395,2.823911428451538,15.662675857543945
564,0.00018180000188294798,11.944905281066895,5.273532390594482,0.4678972065448761,2.0678250789642334,2.33376407623291,2.8244965076446533,15.706198692321777
565,0.0001817500015022233,11.7862548828125,5.22213888168335,0.4665384590625763,2.0325257778167725,2.3005080223083496,2.827695608139038,15.742430686950684
566,0.00018170000112149864,11.72486686706543,5.188896656036377,0.46732476353645325,2.0228819847106934,2.286454916000366,2.868720531463623,15.560590744018555
567,0.00018165000074077398,11.71753978729248,5.195112228393555,0.46775951981544495,2.0182225704193115,2.2905049324035645,2.743922710418701,15.083133697509766
568,0.0001816000003600493,11.766968727111816,5.192559242248535,0.46975523233413696,2.0348846912384033,2.2916996479034424,2.762117624282837,15.231889724731445
569,0.00018154999997932464,11.822810173034668,5.257251262664795,0.46853965520858765,2.0323398113250732,2.322329044342041,2.81006121635437,15.593352317810059
570,0.00018149999959859997,11.784085273742676,5.2276692390441895,0.46769458055496216,2.029573678970337,2.305513381958008,2.8829944133758545,15.608434677124023
571,0.0001814499992178753,11.656451225280762,5.151231288909912,0.46884745359420776,2.0121240615844727,2.2798824310302734,2.8389713764190674,15.172308921813965
572,0.00018139999883715063,11.749753952026367,5.215770721435547,0.4686261713504791,2.0217857360839844,2.3023934364318848,2.810194492340088,15.268888473510742
573,0.00018134999845642596,11.707535743713379,5.14512300491333,0.4669401943683624,2.0318241119384766,2.271548271179199,2.8929648399353027,15.812755584716797
574,0.0001812999980757013,11.878288269042969,5.269862651824951,0.46492815017700195,2.047832489013672,2.323042869567871,2.994495153427124,16.49274253845215
575,0.00018124999769497663,11.763023376464844,5.200497150421143,0.4659242630004883,2.032200574874878,2.299459934234619,2.8235862255096436,15.17259407043457
576,0.00018119999731425196,11.672143936157227,5.16617488861084,0.46536704897880554,2.0135340690612793,2.281104564666748,2.8359031677246094,15.675934791564941
577,0.0001811499969335273,11.662485122680664,5.16718053817749,0.4660281538963318,2.009758949279785,2.280377149581909,2.706024646759033,14.89912223815918
578,0.00018109999655280262,11.694435119628906,5.180931091308594,0.46464452147483826,2.0162863731384277,2.2898025512695312,2.8533859252929688,15.78177547454834
579,0.00018104999617207795,11.67644214630127,5.157021999359131,0.4679989814758301,2.0171403884887695,2.2750298976898193,2.744041681289673,15.153876304626465
580,0.00018099999579135329,11.739445686340332,5.213879108428955,0.46385595202445984,2.0205702781677246,2.300278425216675,2.941873073577881,15.647374153137207
581,0.00018094999541062862,11.651358604431152,5.165791988372803,0.46506553888320923,2.006833791732788,2.2814512252807617,2.765972852706909,15.4862699508667
582,0.00018089999502990395,11.732638359069824,5.188464164733887,0.4616639018058777,2.027503490447998,2.29504656791687,2.7605929374694824,15.35035514831543
583,0.00018084999464917928,11.607142448425293,5.129530906677246,0.4685870409011841,2.0030081272125244,2.263774871826172,2.883904218673706,15.840481758117676
584,0.0001807999942684546,11.729736328125,5.194697856903076,0.4693550169467926,2.0218944549560547,2.294907331466675,2.8006253242492676,15.30737018585205
585,0.00018074999388772994,11.596735000610352,5.128296375274658,0.4622357487678528,2.0020675659179688,2.2723827362060547,2.918531656265259,16.051013946533203
586,0.00018069999350700527,11.662443161010742,5.161991119384766,0.46458420157432556,2.011955976486206,2.2795770168304443,2.9023995399475098,16.161518096923828
587,0.0001806499931262806,11.659311294555664,5.173698902130127,0.46530359983444214,2.0067694187164307,2.2807304859161377,2.8434667587280273,15.106404304504395
588,0.00018059999274555594,11.605552673339844,5.1565961837768555,0.4682948589324951,1.993553876876831,2.2738037109375,2.7204339504241943,14.902284622192383
589,0.0001805500069167465,11.640673637390137,5.14035701751709,0.46805256605148315,2.0107545852661133,2.2737255096435547,2.7204458713531494,15.040000915527344
590,0.00018050000653602183,11.5692777633667,5.133154392242432,0.4633255898952484,1.990932583808899,2.2681777477264404,2.7568769454956055,15.002181053161621
591,0.00018045000615529716,11.651511192321777,5.154239654541016,0.4631492793560028,2.0113742351531982,2.274226665496826,2.8006083965301514,15.333698272705078
592,0.0001804000057745725,11.64474105834961,5.154664993286133,0.463871031999588,2.008734941482544,2.281661033630371,2.886709451675415,15.4212007522583
593,0.00018035000539384782,11.55552864074707,5.116146087646484,0.4650154709815979,1.9914557933807373,2.265817403793335,2.886240005493164,16.199329376220703
594,0.00018030000501312315,11.675446510314941,5.16425085067749,0.4652286767959595,2.01532244682312,2.278765916824341,2.761756658554077,15.139378547668457
595,0.00018025000463239849,11.69139575958252,5.16519021987915,0.4667738676071167,2.019810438156128,2.2767741680145264,2.936052083969116,15.973997116088867
596,0.00018020000425167382,11.513912200927734,5.0963134765625,0.46606650948524475,1.9838441610336304,2.2531917095184326,3.0124781131744385,16.14466667175293
597,0.00018015000387094915,11.656878471374512,5.15300989151001,0.46556025743484497,2.0127694606781006,2.278630018234253,2.9592103958129883,16.23098373413086
598,0.00018010000349022448,11.574962615966797,5.104369640350342,0.4658907651901245,2.0015673637390137,2.259915351867676,2.759183168411255,14.958742141723633
599,0.0001800500031094998,11.672319412231445,5.155128479003906,0.4649791717529297,2.0174038410186768,2.2728991508483887,2.76200795173645,15.29037094116211
600,0.00018000000272877514,11.538572311401367,5.082780838012695,0.4639764428138733,1.9972716569900513,2.2481791973114014,3.0098953247070312,15.75182819366455
601,0.00017995000234805048,11.448779106140137,5.064016819000244,0.4633762538433075,1.9737952947616577,2.2479610443115234,2.8060481548309326,15.506850242614746
602,0.0001799000019673258,11.606744766235352,5.124218463897705,0.46417468786239624,2.0061168670654297,2.2618014812469482,2.7928783893585205,15.051843643188477
603,0.00017985000158660114,11.595333099365234,5.130620002746582,0.46583446860313416,1.9996262788772583,2.2662274837493896,2.952152967453003,16.16866111755371
604,0.00017980000120587647,11.577349662780762,5.139806747436523,0.46499601006507874,1.9908488988876343,2.2674522399902344,2.8085694313049316,15.221761703491211
605,0.0001797500008251518,11.540706634521484,5.135563373565674,0.4623281955718994,1.98093843460083,2.271883964538574,2.7330663204193115,15.017518043518066
606,0.00017970000044442713,11.599648475646973,5.135181427001953,0.4619961977005005,2.000823736190796,2.2654175758361816,2.8565118312835693,15.281911849975586
607,0.00017965000006370246,11.47862720489502,5.085578918457031,0.46306756138801575,1.976660132408142,2.2456419467926025,2.9303324222564697,16.52882194519043
608,0.0001795999996829778,11.494956016540527,5.100325584411621,0.4662601351737976,1.9761234521865845,2.2480580806732178,3.292414665222168,17.52281379699707
609,0.00017954999930225313,11.535799980163574,5.102299213409424,0.46438416838645935,1.9897054433822632,2.250378370285034,2.7566394805908203,15.123820304870605
610,0.00017949999892152846,11.435407638549805,5.060393810272217,0.46354949474334717,1.9704879522323608,2.234992265701294,2.7645797729492188,15.178974151611328
611,0.0001794499985408038,11.474288940429688,5.0733323097229,0.4639407694339752,1.9790054559707642,2.2421534061431885,2.9386355876922607,15.870105743408203
612,0.00017939999816007912,11.548182487487793,5.094804286956787,0.4669623374938965,1.9954719543457031,2.248769521713257,2.848484992980957,15.7516450881958
613,0.00017934999777935445,11.58798885345459,5.114169597625732,0.46376994252204895,2.003349781036377,2.25778865814209,2.969907522201538,15.593205451965332
614,0.00017929999739862978,11.479719161987305,5.077777862548828,0.46369650959968567,1.9794150590896606,2.244945764541626,2.964555025100708,16.35956382751465
615,0.00017924999701790512,11.525483131408691,5.101943016052246,0.4650171399116516,1.9861743450164795,2.256765842437744,2.8492236137390137,15.273881912231445
616,0.00017919999663718045,11.56403923034668,5.139605522155762,0.4646088182926178,1.9866081476211548,2.2618093490600586,2.7806661128997803,15.284953117370605
617,0.00017914999625645578,11.450262069702148,5.079375743865967,0.4609854221343994,1.969967007637024,2.2434980869293213,2.7398717403411865,15.009438514709473
618,0.0001790999958757311,11.384713172912598,5.021941661834717,0.46159881353378296,1.9670575857162476,2.2197649478912354,2.8958938121795654,15.668519973754883
619,0.00017904999549500644,11.441722869873047,5.067962169647217,0.46582359075546265,1.9693124294281006,2.242783546447754,2.8003902435302734,15.48806095123291
620,0.00017899999511428177,11.494033813476562,5.093506336212158,0.4653566777706146,1.978390097618103,2.250286102294922,2.81234073638916,15.638396263122559
621,0.0001789499947335571,11.523642539978027,5.115316390991211,0.4604812264442444,1.9826149940490723,2.2608466148376465,2.7466514110565186,15.1895170211792
622,0.00017889999435283244,11.52649974822998,5.079606056213379,0.46412894129753113,1.9942548274993896,2.2387850284576416,2.886993646621704,15.917723655700684
623,0.00017884999397210777,11.444316864013672,5.079090595245361,0.4633331000804901,1.9672977924346924,2.2420806884765625,2.7170603275299072,14.951326370239258
624,0.0001787999935913831,11.543428421020508,5.098181247711182,0.46404698491096497,1.993733525276184,2.258013963699341,2.774183750152588,15.273157119750977
625,0.00017874999321065843,11.35801887512207,5.009524822235107,0.46307992935180664,1.9618046283721924,2.2184970378875732,2.77000093460083,15.113212585449219
626,0.00017869999282993376,11.41335391998291,5.065056324005127,0.46410277485847473,1.9613982439041138,2.239731788635254,2.8396942615509033,16.05122947692871
627,0.00017865000700112432,11.328189849853516,5.018253803253174,0.46242475509643555,1.9491703510284424,2.2208139896392822,2.8740038871765137,15.922735214233398
628,0.00017860000662039965,11.324362754821777,5.036566734313965,0.4609842300415039,1.9422705173492432,2.227747678756714,2.826539993286133,15.810874938964844
629,0.00017855000623967499,11.474148750305176,5.065082550048828,0.4594117999076843,1.9832181930541992,2.2353274822235107,2.8244073390960693,15.282768249511719
630,0.00017850000585895032,11.418004989624023,5.05048131942749,0.46292591094970703,1.968199372291565,2.228489637374878,2.981809139251709,16.398012161254883
631,0.00017845000547822565,11.437851905822754,5.052818775177002,0.4651423692703247,1.9732967615127563,2.2375905513763428,2.855637550354004,15.575987815856934
632,0.00017840000509750098,11.286565780639648,4.995643138885498,0.46499955654144287,1.9419745206832886,2.2100586891174316,2.8067595958709717,15.252336502075195
633,0.0001783500047167763,11.411273956298828,5.072483539581299,0.4632768929004669,1.9585046768188477,2.238016366958618,2.7906031608581543,15.25998306274414
634,0.00017830000433605164,11.427519798278809,5.036592960357666,0.4625988006591797,1.9761091470718384,2.2336809635162354,2.895657539367676,15.65389633178711
635,0.00017825000395532697,11.499275207519531,5.068135738372803,0.46185824275016785,1.9897605180740356,2.242591142654419,2.8869786262512207,15.385051727294922
636,0.0001782000035746023,11.370782852172852,5.030757904052734,0.46155664324760437,1.9594894647598267,2.226301431655884,2.823897361755371,15.624808311462402
637,0.00017815000319387764,11.35643482208252,5.008388996124268,0.4627504050731659,1.9617652893066406,2.2155022621154785,2.797304153442383,15.216687202453613
638,0.00017810000281315297,11.397528648376465,5.024458885192871,0.4620130658149719,1.9703524112701416,2.2252094745635986,2.8482069969177246,15.442001342773438
639,0.0001780500024324283,11.36398983001709,5.026576519012451,0.465716689825058,1.9572319984436035,2.2169878482818604,2.878722667694092,16.073562622070312
640,0.00017800000205170363,11.320785522460938,5.024571895599365,0.46133941411972046,1.9449580907821655,2.2265450954437256,2.7865755558013916,15.30229377746582
641,0.00017795000167097896,11.268728256225586,4.982220649719238,0.46322840452194214,1.94109308719635,2.1982295513153076,3.0470619201660156,16.653438568115234
642,0.0001779000012902543,11.366040229797363,5.020961284637451,0.4620722234249115,1.9610023498535156,2.215874671936035,2.8267815113067627,15.298480987548828
643,0.00017785000090952963,11.470796585083008,5.095948219299316,0.46072936058044434,1.9713729619979858,2.2455451488494873,2.8734443187713623,16.090547561645508
644,0.00017780000052880496,11.325767517089844,5.004978179931641,0.46208223700523376,1.9529025554656982,2.220900774002075,2.8057777881622314,15.223593711853027
645,0.0001777500001480803,11.290249824523926,5.002260684967041,0.46224889159202576,1.9419136047363281,2.2144362926483154,2.778394937515259,15.155781745910645
646,0.00017769999976735562,11.348868370056152,5.035788059234619,0.45831963419914246,1.9515867233276367,2.225151777267456,2.699272394180298,14.97219181060791
647,0.00017764999938663095,11.44388198852539,5.066981792449951,0.46246904134750366,1.9714770317077637,2.232975721359253,2.757363796234131,15.140159606933594
648,0.00017759999900590628,11.358524322509766,5.032356262207031,0.46378931403160095,1.9541263580322266,2.2207930088043213,2.753032922744751,14.942594528198242
649,0.00017754999862518162,11.31453800201416,4.983971118927002,0.4605625569820404,1.9566681385040283,2.209472894668579,3.0194201469421387,16.284969329833984
650,0.00017749999824445695,11.323925971984863,5.036091327667236,0.4565472900867462,1.9437624216079712,2.222313165664673,2.7974231243133545,15.552408218383789
651,0.00017744999786373228,11.239615440368652,4.96260404586792,0.4617036283016205,1.9384359121322632,2.1925668716430664,2.785402297973633,15.154996871948242
652,0.0001773999974830076,11.193613052368164,4.966921806335449,0.45835599303245544,1.9227784872055054,2.2017126083374023,2.784817695617676,15.058884620666504
653,0.00017734999710228294,11.240155220031738,4.968670845031738,0.4609543979167938,1.9368431568145752,2.194780111312866,2.738306760787964,15.121617317199707
654,0.00017729999672155827,11.351963996887207,5.030102729797363,0.4585193395614624,1.9544472694396973,2.221736431121826,2.7850964069366455,14.907712936401367
655,0.0001772499963408336,11.273691177368164,4.990480422973633,0.46045902371406555,1.9409172534942627,2.204040050506592,2.8454296588897705,15.543632507324219
656,0.00017719999596010894,11.33130931854248,5.002083778381348,0.4623686373233795,1.955618977546692,2.2148380279541016,2.7741544246673584,14.98619270324707
657,0.00017714999557938427,11.227484703063965,4.981422424316406,0.46008795499801636,1.9286580085754395,2.2098782062530518,2.779024600982666,15.31382942199707
658,0.0001770999951986596,11.21879768371582,4.950116157531738,0.4628397226333618,1.935280442237854,2.182189464569092,2.8061020374298096,15.381126403808594
659,0.00017704999481793493,11.28627872467041,4.990865230560303,0.4563344120979309,1.946359634399414,2.2058727741241455,3.0151283740997314,15.630583763122559
660,0.00017699999443721026,11.227129936218262,4.969719886779785,0.46154114603996277,1.9319562911987305,2.1976094245910645,2.873534917831421,15.752453804016113
661,0.0001769499940564856,11.2247314453125,4.956056594848633,0.46187782287597656,1.9355988502502441,2.191711902618408,2.923111915588379,15.780682563781738
662,0.00017689999367576092,11.234918594360352,4.976187229156494,0.460292786359787,1.932813048362732,2.1939988136291504,2.7862446308135986,15.068456649780273
663,0.00017684999329503626,11.311699867248535,5.005016803741455,0.45966848731040955,1.9490047693252563,2.21376895904541,2.876404285430908,15.818400382995605
664,0.0001767999929143116,11.166089057922363,4.935910224914551,0.4545024037361145,1.9252254962921143,2.18461275100708,2.8543708324432373,15.498477935791016
665,0.00017675000708550215,11.278569221496582,4.972775459289551,0.4602852761745453,1.948502779006958,2.1971495151519775,2.723397970199585,14.95654582977295
666,0.00017670000670477748,11.326528549194336,5.03413200378418,0.45960667729377747,1.944263219833374,2.2151618003845215,3.078106164932251,16.755664825439453
667,0.0001766500063240528,11.198534965515137,4.954279899597168,0.4607178270816803,1.9278455972671509,2.1892967224121094,2.7691152095794678,15.111310958862305
668,0.00017660000594332814,11.09003734588623,4.924478054046631,0.4595945477485657,1.9019883871078491,2.1781861782073975,2.832263708114624,15.281386375427246
669,0.00017655000556260347,11.273687362670898,4.971519470214844,0.4599238932132721,1.947414755821228,2.197643995285034,2.8319196701049805,15.188422203063965
670,0.0001765000051818788,11.197346687316895,4.960170745849609,0.46402427554130554,1.9243838787078857,2.1925089359283447,2.703266143798828,14.933148384094238
671,0.00017645000480115414,11.14620590209961,4.917031288146973,0.46004360914230347,1.9230437278747559,2.1709094047546387,2.7908294200897217,15.179242134094238
672,0.00017640000442042947,11.197184562683105,4.942028045654297,0.4599255621433258,1.9317437410354614,2.1815645694732666,2.827651023864746,14.913660049438477
673,0.0001763500040397048,11.183882713317871,4.957719802856445,0.4596234858036041,1.9221796989440918,2.191812753677368,2.81815505027771,15.315644264221191
674,0.00017630000365898013,11.235193252563477,4.964297771453857,0.46056798100471497,1.936776041984558,2.196434736251831,2.7008488178253174,14.739380836486816
675,0.00017625000327825546,11.207053184509277,4.960545539855957,0.45946505665779114,1.9290142059326172,2.186412811279297,2.765496253967285,15.280851364135742
676,0.0001762000028975308,11.194361686706543,4.9610371589660645,0.45919081568717957,1.9247113466262817,2.193392753601074,2.842658042907715,15.840031623840332
677,0.00017615000251680613,11.102278709411621,4.9147868156433105,0.46087563037872314,1.9088720083236694,2.172715663909912,2.820800304412842,15.259271621704102
678,0.00017610000213608146,11.1268949508667,4.936425685882568,0.45934903621673584,1.910373330116272,2.1781132221221924,2.8303565979003906,15.41937255859375
679,0.0001760500017553568,11.197554588317871,4.957930564880371,0.45850077271461487,1.9270412921905518,2.1988039016723633,2.858686685562134,15.024002075195312
680,0.00017600000137463212,11.022037506103516,4.872748374938965,0.45954686403274536,1.896580696105957,2.1536996364593506,2.7689363956451416,15.228416442871094
681,0.00017595000099390745,11.15493106842041,4.943135738372803,0.45880159735679626,1.9176645278930664,2.191248893737793,2.744572639465332,14.902146339416504
682,0.00017590000061318278,11.15936279296875,4.906881809234619,0.45934590697288513,1.9310451745986938,2.170715808868408,2.725969076156616,14.835965156555176
683,0.00017585000023245811,11.178060531616211,4.951793193817139,0.46056824922561646,1.9218995571136475,2.1875669956207275,2.7411468029022217,14.97036361694336
684,0.00017579999985173345,11.146059036254883,4.938819408416748,0.45710885524749756,1.9167101383209229,2.179305076599121,2.8654074668884277,15.574089050292969
685,0.00017574999947100878,11.059836387634277,4.892521381378174,0.45803001523017883,1.9030948877334595,2.1622180938720703,2.777519464492798,15.454307556152344
686,0.0001756999990902841,11.07876968383789,4.91759729385376,0.45710352063179016,1.9013562202453613,2.172760486602783,2.685544490814209,14.664020538330078
687,0.00017564999870955944,11.06972599029541,4.909163951873779,0.46109190583229065,1.8998233079910278,2.175861358642578,2.8167386054992676,15.634589195251465
688,0.00017559999832883477,11.114404678344727,4.913476467132568,0.4569646120071411,1.9146546125411987,2.1720666885375977,2.89060115814209,15.875080108642578
689,0.0001755499979481101,11.186813354492188,4.951991081237793,0.45564159750938416,1.9263936281204224,2.191054582595825,2.7825708389282227,15.295124053955078
690,0.00017549999756738544,11.074911117553711,4.91390323638916,0.45549893379211426,1.9018363952636719,2.168717384338379,2.8116557598114014,15.5187406539917
691,0.00017544999718666077,11.149972915649414,4.917186737060547,0.46026870608329773,1.9241725206375122,2.1746370792388916,2.8135223388671875,15.064475059509277
692,0.0001753999968059361,11.050337791442871,4.897828578948975,0.4581536650657654,1.8981183767318726,2.1621170043945312,2.8545444011688232,15.949286460876465
693,0.00017534999642521143,11.169262886047363,4.951590538024902,0.4586947560310364,1.9196590185165405,2.1805238723754883,2.8517978191375732,15.564955711364746
694,0.00017529999604448676,11.09382152557373,4.898756504058838,0.4587922692298889,1.9120908975601196,2.1691601276397705,2.797987699508667,15.091041564941406
695,0.0001752499956637621,11.11989688873291,4.951689720153809,0.45855289697647095,1.903218150138855,2.1852731704711914,2.985635995864868,16.626754760742188
696,0.00017519999528303742,10.991586685180664,4.85237455368042,0.4565289616584778,1.8942277431488037,2.1450424194335938,3.000861883163452,15.493191719055176
697,0.00017514999490231276,10.990257263183594,4.854983329772949,0.45839473605155945,1.8922932147979736,2.153395652770996,2.8518431186676025,15.369120597839355
698,0.0001750999945215881,11.081398963928223,4.921088695526123,0.45527753233909607,1.9016777276992798,2.1756575107574463,2.751365900039673,14.986355781555176
699,0.00017504999414086342,11.111882209777832,4.9224534034729,0.4588623344898224,1.9101887941360474,2.175199031829834,2.7924001216888428,15.318120956420898
700,0.00017499999376013875,10.979829788208008,4.8499579429626465,0.4582130014896393,1.8905531167984009,2.1415727138519287,2.814068555831909,15.022560119628906
701,0.00017494999337941408,11.066701889038086,4.888188362121582,0.45653221011161804,1.9073270559310913,2.1610653400421143,2.70806622505188,14.74266529083252
702,0.0001748999929986894,10.977606773376465,4.867506980895996,0.4579457640647888,1.8840512037277222,2.14884352684021,2.7494254112243652,15.121912002563477
703,0.00017485000716987997,11.07353401184082,4.902983665466309,0.4563506245613098,1.9047330617904663,2.1632080078125,2.7597997188568115,15.071676254272461
704,0.0001748000067891553,11.013204574584961,4.848564147949219,0.4570021629333496,1.9025460481643677,2.1500680446624756,2.74118709564209,14.862364768981934
705,0.00017475000640843064,11.040342330932617,4.896449089050293,0.4542910158634186,1.8965340852737427,2.164135694503784,2.737724542617798,15.272809982299805
706,0.00017470000602770597,10.98176383972168,4.850708484649658,0.4591999053955078,1.8906185626983643,2.142782211303711,2.937983751296997,15.800128936767578
707,0.0001746500056469813,11.078731536865234,4.890517234802246,0.4570867121219635,1.9103758335113525,2.1631062030792236,2.898172616958618,15.519729614257812
708,0.00017460000526625663,11.055804252624512,4.896864891052246,0.45737260580062866,1.900522232055664,2.1604347229003906,2.7402408123016357,14.929291725158691
709,0.00017455000488553196,11.024543762207031,4.8576788902282715,0.4589913487434387,1.902624487876892,2.145796775817871,2.8783860206604004,15.37967586517334
710,0.0001745000045048073,11.085278511047363,4.903536796569824,0.4567519724369049,1.9083300828933716,2.1701691150665283,2.8667280673980713,15.1304292678833
711,0.00017445000412408262,10.935091018676758,4.8345561027526855,0.4525185525417328,1.8826720714569092,2.1395046710968018,2.8006300926208496,15.003495216369629
712,0.00017440000374335796,10.984329223632812,4.871501922607422,0.46023187041282654,1.884198546409607,2.156425714492798,2.7415971755981445,15.224069595336914
713,0.0001743500033626333,10.97817611694336,4.834987640380859,0.4573720693588257,1.8952720165252686,2.138554096221924,3.1197116374969482,16.734697341918945
714,0.00017430000298190862,10.998476028442383,4.8686604499816895,0.45569753646850586,1.891372799873352,2.151726245880127,2.851289987564087,15.598305702209473
715,0.00017425000260118395,10.933956146240234,4.839998245239258,0.45678117871284485,1.8790587186813354,2.134796619415283,2.827812433242798,15.020540237426758
716,0.00017420000222045928,11.025785446166992,4.892240524291992,0.45672088861465454,1.8922744989395142,2.1603400707244873,2.8761870861053467,15.59705638885498
717,0.00017415000183973461,11.015009880065918,4.879465579986572,0.455829918384552,1.8932381868362427,2.1594014167785645,2.7893214225769043,15.348498344421387
718,0.00017410000145900995,10.908536911010742,4.8331708908081055,0.4560285806655884,1.873112440109253,2.138073682785034,2.7595345973968506,15.101311683654785
719,0.00017405000107828528,11.036371231079102,4.872569561004639,0.4560472369194031,1.9025847911834717,2.1506333351135254,2.799896717071533,15.20189094543457
720,0.0001740000006975606,10.886510848999023,4.813028335571289,0.45578810572624207,1.8725649118423462,2.127393960952759,2.709136962890625,15.065580368041992
721,0.00017395000031683594,10.98779296875,4.8507161140441895,0.4568411111831665,1.8934119939804077,2.1484110355377197,2.7368831634521484,14.810589790344238
722,0.00017389999993611127,10.899405479431152,4.831448554992676,0.4571927487850189,1.8702547550201416,2.139779806137085,2.8193466663360596,15.14770793914795
723,0.0001738499995553866,10.987832069396973,4.865509033203125,0.4570186138153076,1.888434886932373,2.158268451690674,2.8562259674072266,15.582979202270508
724,0.00017379999917466193,10.92536449432373,4.83627986907959,0.4578063488006592,1.8770928382873535,2.1407694816589355,2.7114267349243164,15.00577163696289
725,0.00017374999879393727,10.907962799072266,4.809305191040039,0.4557499885559082,1.8809691667556763,2.130178451538086,2.8262383937835693,15.339646339416504
726,0.0001736999984132126,11.069832801818848,4.894851207733154,0.45761173963546753,1.9057899713516235,2.168149709701538,2.730619430541992,14.947701454162598
727,0.00017364999803248793,10.841532707214355,4.801568508148193,0.4563523828983307,1.8612041473388672,2.116673707962036,2.742417097091675,15.024147987365723
728,0.00017359999765176326,10.892627716064453,4.808305740356445,0.45843687653541565,1.875294804573059,2.125638008117676,2.7615349292755127,15.473231315612793
729,0.0001735499972710386,10.906371116638184,4.811248302459717,0.45712533593177795,1.879332423210144,2.132050037384033,2.8418240547180176,15.525601387023926
730,0.00017349999689031392,10.922314643859863,4.838062286376953,0.456481009721756,1.875923752784729,2.142843723297119,2.831831932067871,15.149209976196289
731,0.00017344999650958925,10.94089412689209,4.828062534332275,0.4589701294898987,1.8846203088760376,2.1434154510498047,2.6666100025177,14.712088584899902
732,0.00017339999612886459,10.826687812805176,4.783099174499512,0.4568369388580322,1.862250566482544,2.1124885082244873,2.7242629528045654,15.132283210754395
733,0.00017334999574813992,10.860345840454102,4.813988208770752,0.45453014969825745,1.8639426231384277,2.1274943351745605,2.972628593444824,16.04612159729004
734,0.00017329999536741525,10.922744750976562,4.85134220123291,0.45676949620246887,1.8715442419052124,2.148118257522583,2.7433667182922363,15.016876220703125
735,0.00017324999498669058,10.897260665893555,4.804077625274658,0.45400768518447876,1.8797250986099243,2.1214704513549805,2.7192068099975586,14.901604652404785
736,0.0001731999946059659,10.897418022155762,4.8229660987854,0.4574808180332184,1.872323751449585,2.13322114944458,2.8169596195220947,15.226849555969238
737,0.00017314999422524124,10.875479698181152,4.805576324462891,0.4556354880332947,1.8714224100112915,2.11962628364563,2.9516141414642334,15.628508567810059
738,0.00017309999384451658,10.842629432678223,4.790351867675781,0.4548532962799072,1.8658078908920288,2.1243858337402344,2.757164716720581,15.10045051574707
739,0.0001730499934637919,10.972293853759766,4.8462677001953125,0.4573546051979065,1.8895573616027832,2.138209342956543,2.915292501449585,16.207366943359375
740,0.00017299999308306724,10.865083694458008,4.824153900146484,0.457183301448822,1.8612488508224487,2.129281520843506,2.868058681488037,15.766707420349121
741,0.0001729500072542578,10.783243179321289,4.782442569732666,0.4512280523777008,1.8498573303222656,2.115124225616455,2.9517433643341064,15.485575675964355
742,0.00017290000687353313,10.908421516418457,4.818239212036133,0.4556398391723633,1.878180742263794,2.1254563331604004,2.734654188156128,14.876601219177246
743,0.00017285000649280846,10.83794116973877,4.806746959686279,0.4569222331047058,1.8580906391143799,2.1270079612731934,2.7558648586273193,15.276857376098633
744,0.0001728000061120838,10.838678359985352,4.79102897644043,0.4544751048088074,1.8643916845321655,2.1138570308685303,2.7444589138031006,15.283069610595703
745,0.00017275000573135912,10.81074047088623,4.792190074920654,0.45489808917045593,1.854550838470459,2.120990753173828,2.7613556385040283,15.01179313659668
746,0.00017270000535063446,10.795060157775879,4.784415245056152,0.45681288838386536,1.851277470588684,2.1192922592163086,2.7243809700012207,14.836586952209473
747,0.0001726500049699098,10.773468971252441,4.770778656005859,0.45522961020469666,1.8491536378860474,2.112931489944458,2.8174684047698975,15.563395500183105
748,0.00017260000458918512,10.789637565612793,4.7759270668029785,0.45565229654312134,1.8526861667633057,2.109755039215088,2.7061784267425537,14.81527328491211
749,0.00017255000420846045,10.838772773742676,4.795528888702393,0.45530906319618225,1.8626450300216675,2.118475914001465,2.794232130050659,15.14359188079834
750,0.00017250000382773578,10.80356502532959,4.782467365264893,0.4560076594352722,1.8550301790237427,2.108704090118408,2.9537298679351807,15.992982864379883
751,0.0001724500034470111,10.840038299560547,4.8082451820373535,0.45626014471054077,1.858511209487915,2.1236884593963623,2.7381396293640137,15.097931861877441
752,0.00017240000306628644,10.80864143371582,4.782744884490967,0.45481476187705994,1.8570274114608765,2.120412826538086,2.85355544090271,15.399245262145996
753,0.00017235000268556178,10.818900108337402,4.791293621063232,0.45027416944503784,1.859110713005066,2.119719982147217,2.797311782836914,15.22966194152832
754,0.0001723000023048371,10.752528190612793,4.7347564697265625,0.4547184705734253,1.8543511629104614,2.0988152027130127,2.7318804264068604,14.69355583190918
755,0.00017225000192411244,10.78678035736084,4.776185035705566,0.45481276512145996,1.851927399635315,2.111821413040161,3.0083274841308594,15.884984970092773
756,0.00017220000154338777,10.831756591796875,4.796659469604492,0.4546155631542206,1.8601603507995605,2.1202759742736816,2.8171401023864746,15.234027862548828
757,0.0001721500011626631,10.780965805053711,4.766477584838867,0.45533135533332825,1.8530523777008057,2.1097500324249268,2.936260223388672,16.119192123413086
758,0.00017210000078193843,10.852278709411621,4.798439979553223,0.4520467519760132,1.8672640323638916,2.119999885559082,2.8819351196289062,15.610671043395996
759,0.00017205000040121377,10.73628044128418,4.749419689178467,0.4533206820487976,1.8445135354995728,2.105891227722168,2.691908597946167,14.872614860534668
760,0.0001720000000204891,10.858519554138184,4.807997226715088,0.455163836479187,1.865119457244873,2.119502305984497,2.727944850921631,14.745379447937012
761,0.00017194999963976443,10.750711441040039,4.744356632232666,0.45539218187332153,1.8503209352493286,2.098811149597168,2.7256295680999756,15.108043670654297
762,0.00017189999925903976,10.828551292419434,4.775251865386963,0.4541473984718323,1.8663841485977173,2.1158740520477295,2.77034330368042,15.363238334655762
763,0.0001718499988783151,10.704018592834473,4.746843338012695,0.4555613696575165,1.8338713645935059,2.096153497695923,2.7740817070007324,14.959535598754883
764,0.00017179999849759042,10.77750015258789,4.769461631774902,0.4533708095550537,1.8515557050704956,2.1107561588287354,2.9076907634735107,15.944103240966797
765,0.00017174999811686575,10.731616020202637,4.743100643157959,0.4545821249485016,1.84464430809021,2.098795175552368,2.8550662994384766,15.305404663085938
766,0.00017169999773614109,10.796174049377441,4.792507648468018,0.4565039873123169,1.8490540981292725,2.1102280616760254,2.813016176223755,15.414648056030273
767,0.00017164999735541642,10.737212181091309,4.739975929260254,0.4548161029815674,1.8474735021591187,2.094353675842285,2.76621150970459,15.294702529907227
768,0.00017159999697469175,10.681814193725586,4.742166519165039,0.4537506699562073,1.8286322355270386,2.094106435775757,2.8915133476257324,15.432539939880371
769,0.00017154999659396708,10.660078048706055,4.713919162750244,0.4502038359642029,1.8319852352142334,2.0924072265625,2.750546932220459,14.865788459777832
770,0.0001714999962132424,10.674277305603027,4.725678443908691,0.45411890745162964,1.8314932584762573,2.086535930633545,2.913964033126831,15.531946182250977
771,0.00017144999583251774,10.664849281311035,4.720544338226318,0.4511961340904236,1.8310363292694092,2.083815813064575,2.776057481765747,15.233734130859375
772,0.00017139999545179307,10.781716346740723,4.763859272003174,0.450855553150177,1.855666995048523,2.102816343307495,2.727503538131714,14.905086517333984
773,0.0001713499950710684,10.715246200561523,4.744417667388916,0.4517860412597656,1.8396810293197632,2.0945024490356445,2.8162808418273926,15.2601957321167
774,0.00017129999469034374,10.771622657775879,4.780549049377441,0.4495704472064972,1.8471676111221313,2.1158339977264404,2.76911997795105,15.039068222045898
775,0.00017124999430961907,10.701929092407227,4.737668037414551,0.45403921604156494,1.8367406129837036,2.0909013748168945,2.7422447204589844,14.831645011901855
776,0.0001711999939288944,10.655783653259277,4.726132869720459,0.4525558650493622,1.8256982564926147,2.087679386138916,2.80737566947937,15.415910720825195
777,0.00017114999354816973,10.675562858581543,4.727045059204102,0.45261064171791077,1.831968903541565,2.0909087657928467,2.7127723693847656,14.741312026977539
778,0.00017109999316744506,10.720701217651367,4.747490406036377,0.4516841471195221,1.8405088186264038,2.1003589630126953,2.8977930545806885,15.714006423950195
779,0.0001710499927867204,10.740562438964844,4.749850273132324,0.45301052927970886,1.845900535583496,2.1040728092193604,2.815093517303467,15.391256332397461
780,0.00017100000695791095,10.785576820373535,4.777336597442627,0.4539525806903839,1.8514293432235718,2.1083316802978516,2.669203758239746,14.840161323547363
781,0.0001709500065771863,10.824442863464355,4.764781475067139,0.4522065818309784,1.8691517114639282,2.1050233840942383,2.89591908454895,15.531465530395508
782,0.00017090000619646162,10.671125411987305,4.716273784637451,0.45508667826652527,1.8332549333572388,2.0917248725891113,2.829397439956665,15.799783706665039
783,0.00017085000581573695,10.605621337890625,4.681293964385986,0.4555210471153259,1.8229355812072754,2.070309638977051,2.7821061611175537,15.01181697845459
784,0.00017080000543501228,10.678317070007324,4.733571529388428,0.4548197388648987,1.8299751281738281,2.0921194553375244,2.740696430206299,14.841828346252441
785,0.0001707500050542876,10.74396800994873,4.767367839813232,0.4504535496234894,1.8420488834381104,2.104616641998291,2.6714086532592773,14.460183143615723
786,0.00017070000467356294,10.678106307983398,4.706085681915283,0.45154497027397156,1.8401583433151245,2.081851005554199,2.907358169555664,15.74648666381836
787,0.00017065000429283828,10.727335929870605,4.74462366104126,0.4510030746459961,1.8439029455184937,2.0987653732299805,2.7919468879699707,15.181453704833984
788,0.0001706000039121136,10.634087562561035,4.7092695236206055,0.451750785112381,1.8243557214736938,2.0785696506500244,2.758854627609253,15.102166175842285
789,0.00017055000353138894,10.591944694519043,4.675745487213135,0.45239073038101196,1.8212695121765137,2.065768241882324,2.6609058380126953,14.79142951965332
790,0.00017050000315066427,10.720846176147461,4.73495626449585,0.4528687298297882,1.8443405628204346,2.0937716960906982,2.705681324005127,14.8234224319458
791,0.0001704500027699396,10.673035621643066,4.755355358123779,0.4536873400211334,1.8213309049606323,2.100738763809204,2.7839722633361816,15.224004745483398
792,0.00017040000238921493,10.616280555725098,4.691312789916992,0.4558938443660736,1.8230245113372803,2.0774662494659424,2.835850477218628,15.649187088012695
793,0.00017035000200849026,10.64272689819336,4.703338146209717,0.45247286558151245,1.8289718627929688,2.0796868801116943,2.7055163383483887,14.907181739807129
794,0.0001703000016277656,10.66903018951416,4.724027633666992,0.4520428478717804,1.8309863805770874,2.085848331451416,2.7695722579956055,15.217708587646484
795,0.00017025000124704093,10.579872131347656,4.69597864151001,0.4520081579685211,1.8106284141540527,2.0727651119232178,2.740657329559326,15.0751371383667
796,0.00017020000086631626,10.591111183166504,4.6837544441223145,0.45220381021499634,1.8183842897415161,2.0737597942352295,2.7248072624206543,15.2030668258667
797,0.0001701500004855916,10.58743667602539,4.688953399658203,0.45198360085487366,1.815500020980835,2.073765277862549,2.7567384243011475,15.379883766174316
798,0.00017010000010486692,10.544654846191406,4.651581764221191,0.455536812543869,1.8125121593475342,2.0549702644348145,2.7924387454986572,15.456469535827637
799,0.00017004999972414225,10.631230354309082,4.702270984649658,0.4536723494529724,1.8250956535339355,2.079953908920288,2.9677278995513916,16.107160568237305
800,0.00016999999934341758,10.545086860656738,4.674158096313477,0.4526435136795044,1.8060951232910156,2.0634372234344482,2.7930150032043457,15.314014434814453
801,0.00016994999896269292,10.632104873657227,4.71179723739624,0.45141127705574036,1.8229656219482422,2.0826354026794434,2.7878289222717285,15.479928016662598
802,0.00016989999858196825,10.633020401000977,4.707884788513184,0.45233815908432007,1.8242658376693726,2.077436685562134,2.8744590282440186,15.299338340759277
803,0.00016984999820124358,10.633391380310059,4.7042741775512695,0.45339009165763855,1.825242519378662,2.078615665435791,2.993257999420166,15.82009220123291
804,0.0001697999978205189,10.605030059814453,4.681292533874512,0.4531903564929962,1.823515772819519,2.067983627319336,2.721813201904297,14.943182945251465
805,0.00016974999743979424,10.670331954956055,4.726806640625,0.4519804120063782,1.8305150270462036,2.0837783813476562,2.823636054992676,15.455429077148438
806,0.00016969999705906957,10.685062408447266,4.726006984710693,0.45181915163993835,1.8357455730438232,2.084406614303589,2.75925612449646,15.15973949432373
807,0.0001696499966783449,10.481350898742676,4.630029201507568,0.45414260029792786,1.7990598678588867,2.0439469814300537,2.7693936824798584,14.98127555847168
808,0.00016959999629762024,10.597731590270996,4.694460391998291,0.4487099051475525,1.8181872367858887,2.072667360305786,2.8233771324157715,15.542679786682129
809,0.00016954999591689557,10.529601097106934,4.65444803237915,0.451393187046051,1.8079198598861694,2.06169056892395,2.8905582427978516,15.528321266174316
810,0.0001694999955361709,10.56125259399414,4.680848121643066,0.452593058347702,1.8092705011367798,2.0668106079101562,2.7813522815704346,15.326358795166016
811,0.00016944999515544623,10.61062240600586,4.697931289672852,0.4530734419822693,1.8198726177215576,2.075679063796997,2.8234341144561768,15.450592994689941
812,0.00016939999477472156,10.52350902557373,4.652869701385498,0.4523262679576874,1.806104302406311,2.059440851211548,2.84089994430542,15.60025405883789
813,0.0001693499943939969,10.517206192016602,4.656580924987793,0.45298609137535095,1.8025466203689575,2.0591158866882324,2.9405629634857178,15.90761947631836
814,0.00016929999401327223,10.524044036865234,4.64701509475708,0.44848933815956116,1.8095130920410156,2.0582189559936523,3.053870439529419,16.526700973510742
815,0.00016924999363254756,10.582714080810547,4.668450355529785,0.452985554933548,1.8204259872436523,2.068283796310425,2.7184841632843018,14.806625366210938
816,0.0001691999932518229,10.592973709106445,4.683664321899414,0.4524419903755188,1.8189557790756226,2.0710935592651367,2.69063138961792,14.698975563049316
817,0.00016914999287109822,10.607961654663086,4.690314292907715,0.45228007435798645,1.8217891454696655,2.069302558898926,2.739992618560791,15.188163757324219
818,0.00016910000704228878,10.574353218078613,4.7029337882995605,0.4513601064682007,1.806686282157898,2.076230049133301,2.7566165924072266,15.111438751220703
819,0.0001690500066615641,10.518489837646484,4.665035724639893,0.4518982172012329,1.8005186319351196,2.0569612979888916,2.810588836669922,15.410364151000977
820,0.00016900000628083944,10.548483848571777,4.664616584777832,0.45308923721313477,1.8102593421936035,2.06390380859375,2.656769275665283,14.63478946685791
821,0.00016895000590011477,10.471589088439941,4.634964942932129,0.4513601064682007,1.7950879335403442,2.056453227996826,2.734121561050415,14.7655611038208
822,0.0001689000055193901,10.56673812866211,4.6780500411987305,0.4539930820465088,1.8115650415420532,2.0679147243499756,2.7438435554504395,15.3375244140625
823,0.00016885000513866544,10.532264709472656,4.645865440368652,0.45152682065963745,1.8116241693496704,2.055886745452881,2.847397804260254,15.629228591918945
824,0.00016880000475794077,10.625734329223633,4.694005012512207,0.4511043429374695,1.82687509059906,2.0779945850372314,2.7538952827453613,14.884188652038574
825,0.0001687500043772161,10.486993789672852,4.651681423187256,0.452869713306427,1.7941477298736572,2.0614171028137207,2.702033281326294,14.728642463684082
826,0.00016870000399649143,10.402217864990234,4.605358123779297,0.4539221227169037,1.7809791564941406,2.0350899696350098,2.7950692176818848,15.58753490447998
827,0.00016865000361576676,10.564306259155273,4.67144775390625,0.44911399483680725,1.8145817518234253,2.0653045177459717,2.8335578441619873,15.217063903808594
828,0.0001686000032350421,10.504683494567871,4.6616692543029785,0.4517650604248047,1.7970831394195557,2.0648720264434814,2.707165479660034,14.738463401794434
829,0.00016855000285431743,10.4990873336792,4.638113498687744,0.4514758586883545,1.8031660318374634,2.0451009273529053,2.77736496925354,15.267206192016602
830,0.00016850000247359276,10.47622013092041,4.628023624420166,0.448896586894989,1.7997666597366333,2.0443694591522217,2.7856178283691406,15.01755428314209
831,0.0001684500020928681,10.531193733215332,4.668412685394287,0.4518502354621887,1.8036435842514038,2.063537836074829,2.7320377826690674,14.99626636505127
832,0.00016840000171214342,10.397360801696777,4.611710548400879,0.45175638794898987,1.777964472770691,2.0357959270477295,2.8094491958618164,15.321744918823242
833,0.00016835000133141875,10.51469612121582,4.635566711425781,0.44817009568214417,1.8103197813034058,2.0519773960113525,2.718285322189331,14.804530143737793
834,0.00016830000095069408,10.436163902282715,4.626935005187988,0.4512555003166199,1.7859911918640137,2.0433197021484375,2.774555206298828,14.988761901855469
835,0.00016825000056996942,10.48925495147705,4.653898239135742,0.44849130511283875,1.7956218719482422,2.0614590644836426,2.7117459774017334,14.751522064208984
836,0.00016820000018924475,10.407811164855957,4.591919422149658,0.45104479789733887,1.7882823944091797,2.0312769412994385,2.6689155101776123,14.828495979309082
837,0.00016814999980852008,10.358017921447754,4.575291156768799,0.45005929470062256,1.7775558233261108,2.0292916297912598,2.7370517253875732,14.921010971069336
838,0.0001680999994277954,10.536203384399414,4.676670551300049,0.4507109224796295,1.8029404878616333,2.0647058486938477,2.7699005603790283,15.397185325622559
839,0.00016804999904707074,10.51565933227539,4.645853519439697,0.45043912529945374,1.8064556121826172,2.0604209899902344,2.7228784561157227,14.704781532287598
840,0.00016799999866634607,10.409002304077148,4.601237773895264,0.4516107738018036,1.7853846549987793,2.037423610687256,2.7305479049682617,14.787837982177734
841,0.0001679499982856214,10.494573593139648,4.624842166900635,0.4500146806240082,1.8065720796585083,2.0507187843322754,2.739022970199585,14.805384635925293
842,0.00016789999790489674,10.428349494934082,4.6228556632995605,0.4525367319583893,1.7843190431594849,2.0387678146362305,2.8002796173095703,15.155130386352539
843,0.00016784999752417207,10.389777183532715,4.598702907562256,0.4502425193786621,1.7802774906158447,2.033064842224121,2.8919167518615723,16.09402847290039
844,0.0001677999971434474,10.456624984741211,4.641408920288086,0.4514199495315552,1.78793203830719,2.05645751953125,2.7545952796936035,15.120247840881348
845,0.00016774999676272273,10.41441535949707,4.618325710296631,0.4479016363620758,1.7827292680740356,2.0439815521240234,2.777448892593384,15.599562644958496
846,0.00016769999638199806,10.415321350097656,4.614261627197266,0.45200294256210327,1.783018946647644,2.0398688316345215,2.894261360168457,15.672342300415039
847,0.0001676499960012734,10.435348510742188,4.6151814460754395,0.44950246810913086,1.7902216911315918,2.0371885299682617,2.814730167388916,15.740944862365723
848,0.00016759999562054873,10.43717098236084,4.603847503662109,0.44999265670776367,1.7944434881210327,2.0367400646209717,2.688352584838867,14.584880828857422
849,0.00016754999523982406,10.42325496673584,4.616284370422363,0.4501310884952545,1.7856132984161377,2.0435876846313477,2.7397143840789795,14.747859001159668
850,0.0001674999948590994,10.484030723571777,4.6457037925720215,0.45121508836746216,1.7957040071487427,2.0455925464630127,2.7049365043640137,14.716609001159668
851,0.00016744999447837472,10.343762397766113,4.564815044403076,0.44680988788604736,1.7773792743682861,2.0205812454223633,2.8862292766571045,15.592540740966797
852,0.00016739999409765005,10.475493431091309,4.6361002922058105,0.4479350745677948,1.7971526384353638,2.0433740615844727,2.7389066219329834,15.033522605895996
853,0.00016734999371692538,10.430366516113281,4.59906005859375,0.450624942779541,1.7935603857040405,2.0356128215789795,2.769641160964966,15.264925956726074
854,0.00016729999333620071,10.328929901123047,4.573093891143799,0.45132213830947876,1.7681711912155151,2.0194876194000244,2.7922444343566895,14.984661102294922
855,0.00016724999295547605,10.408524513244629,4.5878005027771,0.4493851959705353,1.7904462814331055,2.036824941635132,2.8220999240875244,14.82906723022461
856,0.0001672000071266666,10.372570037841797,4.592677593231201,0.451028436422348,1.7762880325317383,2.026437997817993,2.879671812057495,15.578497886657715
857,0.00016715000674594194,10.415579795837402,4.606227397918701,0.4457063376903534,1.7878820896148682,2.0331180095672607,2.8675284385681152,15.303170204162598
858,0.00016710000636521727,10.454008102416992,4.620508670806885,0.4493087828159332,1.7947300672531128,2.0471065044403076,2.7832369804382324,15.427339553833008
859,0.0001670500059844926,10.30141544342041,4.566826820373535,0.44838947057724,1.76206636428833,2.0207021236419678,2.771993398666382,15.494226455688477
860,0.00016700000560376793,10.314569473266602,4.575812339782715,0.44998666644096375,1.7629235982894897,2.03082275390625,2.7527289390563965,14.795989036560059
861,0.00016695000522304326,10.496102333068848,4.656511306762695,0.4499819278717041,1.7965364456176758,2.058204174041748,2.829129219055176,15.077302932739258
862,0.0001669000048423186,10.375478744506836,4.5654520988464355,0.4498739242553711,1.7867175340652466,2.0202434062957764,2.743633270263672,14.856242179870605
863,0.00016685000446159393,10.289604187011719,4.548625469207764,0.4479905366897583,1.7643293142318726,2.0097923278808594,2.714249610900879,14.781232833862305
864,0.00016680000408086926,10.404559135437012,4.60793399810791,0.4492151737213135,1.7824701070785522,2.034311532974243,2.9285459518432617,15.36751651763916
865,0.0001667500037001446,10.406759262084961,4.614814281463623,0.4503370225429535,1.7805360555648804,2.039793014526367,2.720458984375,14.7650728225708
866,0.00016670000331941992,10.301858901977539,4.558842182159424,0.4505036771297455,1.7641711235046387,2.0242555141448975,2.851546287536621,15.91788101196289
867,0.00016665000293869525,10.383005142211914,4.590697765350342,0.44810691475868225,1.7814003229141235,2.026333808898926,2.7429580688476562,15.088644981384277
868,0.00016660000255797058,10.448225021362305,4.626289367675781,0.45066356658935547,1.79042387008667,2.043625831604004,2.7703287601470947,15.35890007019043
869,0.00016655000217724591,10.335488319396973,4.585230827331543,0.4493679702281952,1.7669633626937866,2.018368721008301,2.754795551300049,14.954571723937988
870,0.00016650000179652125,10.424869537353516,4.579428672790527,0.44480252265930176,1.8002128601074219,2.0202443599700928,2.7779784202575684,14.810487747192383
871,0.00016645000141579658,10.3372163772583,4.57668399810791,0.4491499662399292,1.7704609632492065,2.019817352294922,2.825533866882324,15.203434944152832
872,0.0001664000010350719,10.6738862991333,4.723049640655518,0.45147114992141724,1.8331220149993896,2.076277256011963,2.9157607555389404,15.3704833984375
873,0.00016635000065434724,10.390146255493164,4.584795951843262,0.45139747858047485,1.7846508026123047,2.029078245162964,2.7067317962646484,14.930466651916504
874,0.00016630000027362257,10.209324836730957,4.514734268188477,0.4473147988319397,1.7490919828414917,1.996727705001831,2.7903499603271484,15.431173324584961
875,0.0001662499998928979,10.241778373718262,4.537609577178955,0.449312686920166,1.75161874294281,2.009810209274292,2.7955379486083984,15.275713920593262
876,0.00016619999951217324,10.277190208435059,4.549256324768066,0.44816356897354126,1.7599234580993652,2.008786201477051,2.830951452255249,15.356385231018066
877,0.00016614999913144857,10.374072074890137,4.57322359085083,0.44871336221694946,1.7840449810028076,2.0193769931793213,2.712132215499878,14.857769966125488
878,0.0001660999987507239,10.396831512451172,4.601343154907227,0.4472034275531769,1.782761573791504,2.0336854457855225,2.959718704223633,15.755162239074707
879,0.00016604999836999923,10.366161346435547,4.599530220031738,0.4468710422515869,1.7732534408569336,2.026381254196167,2.78521466255188,14.944806098937988
880,0.00016599999798927456,10.321224212646484,4.561342716217041,0.44917091727256775,1.770236849784851,2.0170958042144775,2.9300808906555176,15.736809730529785
881,0.0001659499976085499,10.265725135803223,4.551671504974365,0.4463353455066681,1.755906105041504,2.0142698287963867,2.6872758865356445,14.676125526428223
882,0.00016589999722782522,10.293052673339844,4.566490650177002,0.4511428773403168,1.7584730386734009,2.0211844444274902,2.7979488372802734,15.098613739013672
883,0.00016584999684710056,10.310128211975098,4.570473670959473,0.4481950104236603,1.7638198137283325,2.0174543857574463,2.868307590484619,14.921680450439453
884,0.0001657999964663759,10.289056777954102,4.545942783355713,0.44908884167671204,1.7646749019622803,2.011470079421997,2.7655351161956787,14.906730651855469
885,0.00016574999608565122,10.365339279174805,4.584345817565918,0.448201984167099,1.777597188949585,2.0207881927490234,2.6747963428497314,14.614333152770996
886,0.00016569999570492655,10.222935676574707,4.530389308929443,0.44959160685539246,1.74765145778656,2.0061120986938477,3.0030529499053955,16.082557678222656
887,0.00016564999532420188,10.230269432067871,4.511996746063232,0.4481169879436493,1.756718635559082,1.9977765083312988,2.6916089057922363,14.715933799743652
888,0.0001655999949434772,10.310885429382324,4.569214820861816,0.4472576975822449,1.7648043632507324,2.019819498062134,2.644705295562744,14.491704940795898
889,0.00016554999456275254,10.319903373718262,4.55873441696167,0.45007187128067017,1.770365834236145,2.0237743854522705,2.7112832069396973,14.84277629852295
890,0.00016549999418202788,10.304339408874512,4.550343036651611,0.4467698335647583,1.7690755128860474,2.016777753829956,2.793229579925537,15.148174285888672
891,0.0001654499938013032,10.280747413635254,4.542877197265625,0.44866445660591125,1.763068437576294,2.012768030166626,2.7536044120788574,14.907861709594727
892,0.00016539999342057854,10.269196510314941,4.532610893249512,0.44993525743484497,1.7622169256210327,2.0109734535217285,3.027571439743042,16.690156936645508
893,0.00016534999303985387,10.236271858215332,4.510374546051025,0.4515349864959717,1.7581207752227783,1.9916316270828247,2.721425771713257,14.862700462341309
894,0.00016530000721104443,10.227646827697754,4.555172443389893,0.4478653073310852,1.7415363788604736,2.018057346343994,2.8825581073760986,15.721368789672852
895,0.00016525000683031976,10.262948036193848,4.541699409484863,0.44950684905052185,1.7572473287582397,2.001516342163086,2.76190185546875,14.919466972351074
896,0.0001652000064495951,10.206831932067871,4.5100789070129395,0.4463593363761902,1.7501311302185059,1.9968546628952026,2.888728618621826,15.093297958374023
897,0.00016515000606887043,10.352073669433594,4.577815532684326,0.4492829442024231,1.774991750717163,2.0223777294158936,2.720647096633911,14.869390487670898
898,0.00016510000568814576,10.211454391479492,4.515799522399902,0.44630613923072815,1.749782919883728,1.9950350522994995,2.830345392227173,15.596521377563477
899,0.0001650500053074211,10.181827545166016,4.516160011291504,0.4483823776245117,1.7390952110290527,1.9920769929885864,2.749547004699707,15.260621070861816
900,0.00016500000492669642,10.224637031555176,4.530118465423584,0.44731488823890686,1.749068021774292,2.002277374267578,2.747069835662842,14.986385345458984
901,0.00016495000454597175,10.1465425491333,4.491950035095215,0.44974949955940247,1.7349475622177124,1.9893543720245361,2.8474385738372803,15.028368949890137
902,0.00016490000416524708,10.287181854248047,4.551326751708984,0.45020967721939087,1.7618818283081055,2.013300657272339,2.8065733909606934,15.384828567504883
903,0.00016485000378452241,10.270402908325195,4.534699440002441,0.45017358660697937,1.7618433237075806,2.006091833114624,2.7300121784210205,14.744226455688477
904,0.00016480000340379775,10.3380765914917,4.570888042449951,0.4487762153148651,1.7728042602539062,2.0149338245391846,2.7361960411071777,15.11317253112793
905,0.00016475000302307308,10.227094650268555,4.518172740936279,0.44898489117622375,1.753312349319458,1.9918493032455444,2.780714511871338,15.019506454467773
906,0.0001647000026423484,10.172954559326172,4.5007500648498535,0.44647112488746643,1.7419112920761108,1.9941256046295166,2.698894739151001,14.759390830993652
907,0.00016465000226162374,10.203299522399902,4.525528430938721,0.44831404089927673,1.7431524991989136,1.9968434572219849,2.686028480529785,14.727228164672852
908,0.00016460000188089907,10.18415641784668,4.510362148284912,0.4486062824726105,1.7417292594909668,1.9931467771530151,2.7752811908721924,15.342735290527344
909,0.0001645500015001744,10.205848693847656,4.509652614593506,0.44552919268608093,1.7502223253250122,1.9946227073669434,2.6834373474121094,14.562775611877441
910,0.00016450000111944973,10.137609481811523,4.499935626983643,0.4482046961784363,1.7298232316970825,1.9891942739486694,2.7153093814849854,14.739718437194824
911,0.00016445000073872507,10.226008415222168,4.509360313415527,0.44680681824684143,1.756613850593567,1.989271879196167,2.7291784286499023,14.89314079284668
912,0.0001644000003580004,10.163176536560059,4.489372730255127,0.4454689621925354,1.7427783012390137,1.9838637113571167,2.8880178928375244,15.802535057067871
913,0.00016434999997727573,10.199261665344238,4.501141548156738,0.44824230670928955,1.749959111213684,1.9950424432754517,2.723083257675171,14.618496894836426
914,0.00016429999959655106,10.223404884338379,4.526261329650879,0.44839194416999817,1.7495839595794678,2.000213146209717,2.729163646697998,14.790925979614258
915,0.0001642499992158264,10.155560493469238,4.504782199859619,0.44877684116363525,1.7340004444122314,1.992591142654419,2.7714860439300537,14.98045825958252
916,0.00016419999883510172,10.232476234436035,4.526127815246582,0.4482455849647522,1.7527008056640625,2.003112554550171,2.789555549621582,14.816668510437012
917,0.00016414999845437706,10.114027976989746,4.466352462768555,0.44680434465408325,1.733623743057251,1.9804775714874268,2.7551307678222656,15.189346313476562
918,0.0001640999980736524,10.168396949768066,4.503571033477783,0.4472704231739044,1.739185094833374,1.9897884130477905,2.826409101486206,15.584989547729492
919,0.00016404999769292772,10.299275398254395,4.574182033538818,0.44902822375297546,1.7586884498596191,2.0172441005706787,2.858379364013672,15.292789459228516
920,0.00016399999731220305,10.17212200164795,4.50324821472168,0.448003351688385,1.7402900457382202,1.9975804090499878,2.77384090423584,15.219813346862793
921,0.00016394999693147838,10.204455375671387,4.4932966232299805,0.44728007912635803,1.7546262741088867,1.9850188493728638,2.7328591346740723,14.858782768249512
922,0.0001638999965507537,10.17629337310791,4.519772052764893,0.4466806650161743,1.736613392829895,1.9973340034484863,2.769996404647827,15.086257934570312
923,0.00016384999617002904,10.108282089233398,4.467313766479492,0.4490247666835785,1.7306479215621948,1.9766407012939453,2.785306930541992,15.274216651916504
924,0.00016379999578930438,10.124125480651855,4.49176025390625,0.44775915145874023,1.7282018661499023,1.9852838516235352,2.7382140159606934,14.726458549499512
925,0.0001637499954085797,10.173391342163086,4.506672382354736,0.44571927189826965,1.7403333187103271,1.9951386451721191,2.749145269393921,14.939410209655762
926,0.00016369999502785504,10.20129108428955,4.519604206085205,0.4427584409713745,1.7463096380233765,1.992427110671997,2.881256341934204,15.138492584228516
927,0.00016364999464713037,10.142598152160645,4.497589588165283,0.4475053548812866,1.7325010299682617,1.9889267683029175,2.706331729888916,14.73124885559082
928,0.0001635999942664057,10.105667114257812,4.4760050773620605,0.44470658898353577,1.728318452835083,1.9749946594238281,3.123041868209839,16.508113861083984
929,0.00016354999388568103,10.168065071105957,4.503925323486328,0.4470309913158417,1.739036202430725,1.984650731086731,2.7244699001312256,14.843449592590332
930,0.00016349999350495636,10.145514488220215,4.482436180114746,0.4474865794181824,1.7385307550430298,1.9815324544906616,2.716510772705078,14.7312650680542
931,0.0001634499931242317,10.079139709472656,4.435463905334473,0.4486333131790161,1.7316807508468628,1.9651079177856445,2.6836190223693848,14.517879486083984
932,0.00016339999274350703,10.178467750549316,4.509085655212402,0.4487959146499634,1.7401952743530273,1.9941054582595825,2.7779526710510254,15.719346046447754
933,0.0001633500069146976,10.090095520019531,4.467191219329834,0.44851577281951904,1.7247960567474365,1.9769723415374756,2.752182722091675,15.031839370727539
934,0.00016330000653397292,10.03951644897461,4.452417373657227,0.44652366638183594,1.7135250568389893,1.9730615615844727,2.78332257270813,15.025789260864258
935,0.00016325000615324825,10.112528800964355,4.495631694793701,0.4484630525112152,1.722811222076416,1.9901949167251587,2.8863682746887207,15.306739807128906
936,0.00016320000577252358,10.09440803527832,4.471920967102051,0.4450376331806183,1.7258164882659912,1.975776195526123,2.8880152702331543,15.207176208496094
937,0.0001631500053917989,10.073314666748047,4.433694839477539,0.4471132159233093,1.7308355569839478,1.9634493589401245,2.7335729598999023,14.791924476623535
938,0.00016310000501107424,10.152660369873047,4.495835304260254,0.44597166776657104,1.736951231956482,1.9849904775619507,2.811810255050659,15.349417686462402
939,0.00016305000463034958,10.093165397644043,4.469845294952393,0.44807347655296326,1.725082278251648,1.976883888244629,2.730901002883911,14.70511245727539
940,0.0001630000042496249,10.161895751953125,4.482694149017334,0.4463636577129364,1.744279146194458,1.9842915534973145,2.7613425254821777,14.853934288024902
941,0.00016295000386890024,10.102325439453125,4.467313766479492,0.4466964304447174,1.7294384241104126,1.9731674194335938,2.819493293762207,15.016145706176758
942,0.00016290000348817557,10.137874603271484,4.482255458831787,0.4445561468601227,1.7370208501815796,1.9796220064163208,2.7482495307922363,15.06234359741211
943,0.0001628500031074509,10.024055480957031,4.434957504272461,0.4462132155895233,1.7142949104309082,1.9644081592559814,2.759237289428711,14.803667068481445
944,0.00016280000272672623,9.977394104003906,4.398830890655518,0.4476821720600128,1.7102936506271362,1.945191502571106,2.8335044384002686,15.456789016723633
945,0.00016275000234600157,10.078147888183594,4.44704532623291,0.44648003578186035,1.7282073497772217,1.966200351715088,2.714705467224121,14.951684951782227
946,0.0001627000019652769,10.09165096282959,4.446510314941406,0.44674110412597656,1.7327998876571655,1.9632872343063354,2.6792757511138916,14.623294830322266
947,0.00016265000158455223,10.079368591308594,4.454023361206055,0.44504427909851074,1.7267669439315796,1.9752469062805176,2.70521879196167,14.7977876663208
948,0.00016260000120382756,10.026857376098633,4.4344706535339355,0.44843319058418274,1.7146512269973755,1.9638593196868896,2.712451696395874,14.793109893798828
949,0.0001625500008231029,10.165130615234375,4.510488033294678,0.4461894929409027,1.736151099205017,1.9910650253295898,2.841714859008789,15.324625015258789
950,0.00016250000044237822,10.047800064086914,4.448428630828857,0.4451552629470825,1.7180719375610352,1.9615408182144165,2.797753095626831,15.450643539428711
951,0.00016245000006165355,10.082090377807617,4.443339824676514,0.44755199551582336,1.7303993701934814,1.9688076972961426,2.829228401184082,15.487977981567383
952,0.00016239999968092889,10.054189682006836,4.457279205322266,0.4468001425266266,1.7167032957077026,1.9690611362457275,2.753977060317993,15.18342113494873
953,0.00016234999930020422,10.0722074508667,4.447841167449951,0.44619154930114746,1.7260582447052002,1.9638612270355225,2.7693612575531006,14.79922866821289
954,0.00016229999891947955,10.135148048400879,4.4579620361328125,0.44780242443084717,1.7431280612945557,1.9721791744232178,2.8130078315734863,15.630480766296387
955,0.00016224999853875488,10.099867820739746,4.469023704528809,0.446189820766449,1.7282180786132812,1.9736751317977905,2.7254700660705566,14.748714447021484
956,0.0001621999981580302,10.009270668029785,4.422373294830322,0.4438975155353546,1.714333415031433,1.9491490125656128,2.7655386924743652,15.035233497619629
957,0.00016214999777730554,9.982548713684082,4.425176620483398,0.44645237922668457,1.7036399841308594,1.9697039127349854,2.8078038692474365,14.842662811279297
958,0.00016209999739658087,9.969746589660645,4.405970573425293,0.44842007756233215,1.7051185369491577,1.9492993354797363,2.7132649421691895,14.99627685546875
959,0.0001620499970158562,10.04979133605957,4.448483943939209,0.44318732619285583,1.7193732261657715,1.9686527252197266,2.7108559608459473,14.76045036315918
960,0.00016199999663513154,10.044822692871094,4.434216499328613,0.44040605425834656,1.7234001159667969,1.961747646331787,2.7350783348083496,14.898001670837402
961,0.00016194999625440687,9.970730781555176,4.401151180267334,0.4434565007686615,1.7087078094482422,1.9478896856307983,2.6786959171295166,14.58057689666748
962,0.0001618999958736822,9.973240852355957,4.409402370452881,0.4419906735420227,1.707282543182373,1.9511961936950684,2.6803855895996094,14.672223091125488
963,0.00016184999549295753,10.038692474365234,4.44003963470459,0.44670411944389343,1.7173162698745728,1.96466863155365,2.753920078277588,15.01419448852539
964,0.00016179999511223286,10.078859329223633,4.450420379638672,0.4419540464878082,1.7288283109664917,1.9700931310653687,2.805413007736206,15.136834144592285
965,0.0001617499947315082,10.004801750183105,4.419969081878662,0.44115644693374634,1.7145588397979736,1.957274079322815,2.7442779541015625,14.951796531677246
966,0.00016169999435078353,10.012990951538086,4.424966812133789,0.4471158981323242,1.7136361598968506,1.9567207098007202,2.909227132797241,16.370637893676758
967,0.00016164999397005886,10.066277503967285,4.466305732727051,0.44505760073661804,1.7183046340942383,1.975446343421936,2.704469919204712,14.622642517089844
968,0.0001615999935893342,10.119802474975586,4.466137886047363,0.4442112147808075,1.736484408378601,1.973944067955017,2.7642416954040527,14.89031982421875
969,0.00016154999320860952,9.956835746765137,4.3971405029296875,0.44466492533683777,1.7050100564956665,1.9474934339523315,2.7411839962005615,15.095223426818848
970,0.00016149999282788485,9.938644409179688,4.387688159942627,0.44278615713119507,1.7027232646942139,1.942629098892212,2.7173032760620117,14.708178520202637
971,0.0001614500069990754,9.910072326660156,4.384186267852783,0.4454134404659271,1.693490982055664,1.9370958805084229,2.7677905559539795,14.91869068145752
972,0.00016140000661835074,9.965645790100098,4.415136814117432,0.44202855229377747,1.702826738357544,1.9501783847808838,2.7413489818573,14.872603416442871
973,0.00016135000623762608,10.030624389648438,4.435212135314941,0.4438875913619995,1.717175006866455,1.9574923515319824,2.714536428451538,14.650196075439453
974,0.0001613000058569014,10.035282135009766,4.456644058227539,0.4442237615585327,1.7114715576171875,1.966181755065918,2.7631642818450928,15.095330238342285
975,0.00016125000547617674,9.9654541015625,4.395679950714111,0.4457765519618988,1.7079991102218628,1.9452483654022217,2.6932201385498047,14.971304893493652
976,0.00016120000509545207,9.99418830871582,4.415943622589111,0.4442879557609558,1.711319088935852,1.9529356956481934,2.7808215618133545,15.296499252319336
977,0.0001611500047147274,10.022162437438965,4.432925701141357,0.4448312520980835,1.7148019075393677,1.9579116106033325,2.7181687355041504,14.628623962402344
978,0.00016110000433400273,9.923535346984863,4.392018795013428,0.4443262219429016,1.6957299709320068,1.9470250606536865,2.7478811740875244,14.961569786071777
979,0.00016105000395327806,9.994125366210938,4.4092183113098145,0.44380757212638855,1.7136998176574707,1.9516123533248901,2.703019142150879,14.768824577331543
980,0.0001610000035725534,10.036116600036621,4.439729690551758,0.445827841758728,1.716853141784668,1.9631692171096802,2.7360358238220215,15.1834077835083
981,0.00016095000319182873,9.919656753540039,4.3819355964660645,0.4452098608016968,1.6975038051605225,1.9376194477081299,2.9063448905944824,15.473183631896973
982,0.00016090000281110406,9.94469928741455,4.398784637451172,0.4462532699108124,1.6998870372772217,1.9442803859710693,2.876290798187256,15.258999824523926
983,0.0001608500024303794,9.976724624633789,4.405805587768555,0.4470755457878113,1.707947850227356,1.9537724256515503,2.7075929641723633,14.871394157409668
984,0.00016080000204965472,9.984936714172363,4.4196858406066895,0.44485414028167725,1.7067989110946655,1.9538620710372925,2.7239606380462646,14.804380416870117
985,0.00016075000166893005,9.877301216125488,4.360446929931641,0.4449150562286377,1.6906462907791138,1.9277485609054565,2.791801691055298,15.147346496582031
986,0.00016070000128820539,9.97369384765625,4.4246602058410645,0.44569459557533264,1.701112985610962,1.9522156715393066,2.6533191204071045,14.416862487792969
987,0.00016065000090748072,9.919684410095215,4.3910675048828125,0.4457002878189087,1.694305419921875,1.94452702999115,2.791593313217163,15.122859954833984
988,0.00016060000052675605,9.952656745910645,4.396402359008789,0.4444662630558014,1.7039294242858887,1.9422698020935059,2.7723331451416016,15.12706184387207
989,0.00016055000014603138,9.973201751708984,4.41728401184082,0.44284385442733765,1.7043581008911133,1.9522035121917725,2.765533208847046,15.201932907104492
990,0.0001604999997653067,10.022454261779785,4.4326171875,0.4456913471221924,1.7147153615951538,1.9582582712173462,2.7405638694763184,15.076363563537598
991,0.00016044999938458204,9.987494468688965,4.4143571853637695,0.4458995759487152,1.7090792655944824,1.9451053142547607,2.76781964302063,14.8455810546875
992,0.00016039999900385737,9.880452156066895,4.3657050132751465,0.44608423113822937,1.6895543336868286,1.9284539222717285,2.7073628902435303,14.627058029174805
993,0.0001603499986231327,9.89847183227539,4.359160423278809,0.4454508125782013,1.697953462600708,1.9317333698272705,2.719663381576538,14.952645301818848
994,0.00016029999824240804,9.958941459655762,4.403592586517334,0.4451557397842407,1.7033978700637817,1.9434858560562134,2.7345094680786133,14.769559860229492
995,0.00016024999786168337,9.875029563903809,4.358255863189697,0.44506627321243286,1.6905689239501953,1.9286160469055176,2.8399977684020996,15.383706092834473
996,0.0001601999974809587,9.88754653930664,4.378083229064941,0.44330349564552307,1.6887198686599731,1.9342371225357056,2.7343621253967285,14.726994514465332
997,0.00016014999710023403,9.91737174987793,4.3769850730896,0.4432647228240967,1.6990406513214111,1.9399104118347168,2.838104248046875,15.588122367858887
998,0.00016009999671950936,9.916336059570312,4.3954572677612305,0.44422268867492676,1.6922186613082886,1.9424519538879395,2.728404998779297,14.798320770263672
999,0.0001600499963387847,9.921173095703125,4.386775016784668,0.443704217672348,1.6968982219696045,1.9336202144622803,2.784593105316162,14.989340782165527
1000,0.00015999999595806003,9.919881820678711,4.365188121795654,0.4448378086090088,1.7032850980758667,1.9254952669143677,2.7349231243133545,14.957404136657715
1001,0.00015994999557733536,9.909158706665039,4.379467487335205,0.4418897032737732,1.6959336996078491,1.936837077140808,2.72611927986145,15.049094200134277
1002,0.0001598999951966107,9.918959617614746,4.380135536193848,0.4426650404930115,1.6987197399139404,1.930078387260437,2.6524710655212402,14.497041702270508
1003,0.00015984999481588602,9.940715789794922,4.400798320770264,0.4438785910606384,1.698679804801941,1.9459909200668335,2.7649385929107666,14.849491119384766
1004,0.00015979999443516135,9.912860870361328,4.360162734985352,0.44193586707115173,1.703587532043457,1.9291198253631592,2.774400472640991,15.091184616088867
1005,0.00015974999405443668,9.77440357208252,4.320725440979004,0.4444902837276459,1.6697293519973755,1.9102447032928467,2.716982126235962,14.674270629882812
1006,0.00015969999367371202,9.876262664794922,4.354379177093506,0.4448795020580292,1.6923346519470215,1.9213082790374756,2.6694936752319336,14.549494743347168
1007,0.00015964999329298735,9.887560844421387,4.366254806518555,0.44442665576934814,1.6922932863235474,1.927465796470642,2.792775869369507,14.994501113891602
1008,0.00015959999291226268,9.939094543457031,4.3851847648620605,0.44486963748931885,1.7030134201049805,1.9401814937591553,2.862420082092285,15.211819648742676
1009,0.00015955000708345324,9.83173942565918,4.350433349609375,0.44430652260780334,1.6789997816085815,1.9261199235916138,2.854642152786255,14.88316535949707
1010,0.00015950000670272857,9.926827430725098,4.3920207023620605,0.44029346108436584,1.6981711387634277,1.9380723237991333,2.740007162094116,14.830137252807617
1011,0.0001594500063220039,9.895540237426758,4.386074542999268,0.4449908435344696,1.6881582736968994,1.936787486076355,2.744657039642334,14.799320220947266
1012,0.00015940000594127923,9.79227352142334,4.334079742431641,0.4432162046432495,1.6716591119766235,1.9205584526062012,2.7263669967651367,14.95375919342041
1013,0.00015935000556055456,9.901885032653809,4.373820781707764,0.4457975924015045,1.6940890550613403,1.9329164028167725,2.8057591915130615,15.231096267700195
1014,0.0001593000051798299,9.827045440673828,4.3379807472229,0.4431673586368561,1.681965708732605,1.9189622402191162,2.686028242111206,14.67010498046875
1015,0.00015925000479910523,9.841017723083496,4.351908206939697,0.4428425431251526,1.682088851928711,1.9243438243865967,2.8282647132873535,15.745890617370605
1016,0.00015920000441838056,9.839394569396973,4.345982551574707,0.4423334002494812,1.6836928129196167,1.9245870113372803,2.753951072692871,15.39516830444336
1017,0.0001591500040376559,9.85064697265625,4.341248512268066,0.4416120648384094,1.6892621517181396,1.9197756052017212,2.7419321537017822,14.803411483764648
1018,0.00015910000365693122,9.78907299041748,4.334136962890625,0.4428842067718506,1.6706840991973877,1.916161060333252,2.679544448852539,14.693733215332031
1019,0.00015905000327620655,9.865641593933105,4.354097843170166,0.4430226981639862,1.6895071268081665,1.925997257232666,2.681873083114624,14.832289695739746
1020,0.00015900000289548188,9.85960578918457,4.338159084320068,0.4438970685005188,1.6925164461135864,1.9138383865356445,2.6727864742279053,14.613815307617188
1021,0.00015895000251475722,9.826319694519043,4.33985710144043,0.44376084208488464,1.6809004545211792,1.9106372594833374,2.6801326274871826,14.690399169921875
1022,0.00015890000213403255,9.806970596313477,4.328652381896973,0.4431121051311493,1.678402066230774,1.9100342988967896,2.7137069702148438,14.786131858825684
1023,0.00015885000175330788,9.803987503051758,4.322572231292725,0.4431696832180023,1.679415225982666,1.9095968008041382,2.800874710083008,14.885427474975586
1024,0.0001588000013725832,9.824152946472168,4.322334289550781,0.44337761402130127,1.6861469745635986,1.9106075763702393,2.7770464420318604,15.147992134094238
1025,0.00015875000099185854,9.820197105407715,4.346671104431152,0.4441145062446594,1.676470398902893,1.9223030805587769,2.68363618850708,14.573450088500977
1026,0.00015870000061113387,9.851452827453613,4.355111122131348,0.4405340254306793,1.6852689981460571,1.9245551824569702,2.867616891860962,15.626848220825195
1027,0.0001586500002304092,9.775540351867676,4.3229217529296875,0.4445326328277588,1.6693620681762695,1.9061405658721924,2.8036320209503174,15.461450576782227
1028,0.00015859999984968454,9.877875328063965,4.362356185913086,0.4421418011188507,1.691125750541687,1.926392674446106,2.8024280071258545,14.79379940032959
1029,0.00015854999946895987,9.94326400756836,4.39097785949707,0.4452023208141327,1.7023611068725586,1.9399727582931519,2.6955838203430176,14.735868453979492
1030,0.0001584999990882352,9.777484893798828,4.3168816566467285,0.4430166184902191,1.6725289821624756,1.9065883159637451,3.025270700454712,16.20770835876465
1031,0.00015844999870751053,9.818622589111328,4.345783233642578,0.4435988664627075,1.6764135360717773,1.9183343648910522,2.7136030197143555,14.800446510314941
1032,0.00015839999832678586,9.812874794006348,4.326151371002197,0.4433560073375702,1.6811224222183228,1.916096568107605,2.7425668239593506,14.953939437866211
1033,0.0001583499979460612,9.747617721557617,4.3053131103515625,0.4437973201274872,1.6661690473556519,1.9011610746383667,2.754196882247925,14.736368179321289
1034,0.00015829999756533653,9.767885208129883,4.295042037963867,0.44362497329711914,1.6764062643051147,1.8946880102157593,2.7369706630706787,14.957576751708984
1035,0.00015824999718461186,9.793991088867188,4.316195964813232,0.4430059790611267,1.6782629489898682,1.9072225093841553,2.730921506881714,14.98786735534668
1036,0.0001581999968038872,9.722156524658203,4.295435905456543,0.44344887137413025,1.6610907316207886,1.9019886255264282,2.72119402885437,14.840957641601562
1037,0.00015814999642316252,9.9131498336792,4.376435279846191,0.44223999977111816,1.6981581449508667,1.9347670078277588,2.7723147869110107,15.219801902770996
1038,0.00015809999604243785,9.793846130371094,4.331690788269043,0.4414154291152954,1.6735798120498657,1.9160640239715576,2.83520245552063,15.274199485778809
1039,0.00015804999566171318,9.829333305358887,4.340866565704346,0.4413328170776367,1.682377815246582,1.9137345552444458,2.707955837249756,14.629316329956055
1040,0.00015799999528098851,9.747417449951172,4.286624908447266,0.4419797956943512,1.6729376316070557,1.8958088159561157,2.76770281791687,14.905131340026855
1041,0.00015794999490026385,9.841048240661621,4.351158618927002,0.44324925541877747,1.6822134256362915,1.9226316213607788,2.8022687435150146,15.19981575012207
1042,0.00015789999451953918,9.748074531555176,4.297793388366699,0.442329078912735,1.6693174839019775,1.9012497663497925,2.748878240585327,14.903139114379883
1043,0.0001578499941388145,9.735873222351074,4.298905372619629,0.4430234730243683,1.6646480560302734,1.9062236547470093,2.8124303817749023,14.996241569519043
1044,0.00015779999375808984,9.775909423828125,4.313436508178711,0.44330868124961853,1.6730549335479736,1.9096587896347046,2.7401278018951416,15.106922149658203
1045,0.00015774999337736517,9.761853218078613,4.311035633087158,0.44133979082107544,1.6698259115219116,1.9044227600097656,2.6836795806884766,14.725312232971191
1046,0.0001576999929966405,9.697338104248047,4.276265621185303,0.4431363046169281,1.6593118906021118,1.8945332765579224,2.7235941886901855,14.675644874572754
1047,0.00015765000716783106,9.823405265808105,4.33218240737915,0.4420265853404999,1.683065414428711,1.9189335107803345,2.7053956985473633,14.860954284667969
1048,0.0001576000067871064,9.721243858337402,4.300876617431641,0.4416184425354004,1.6595829725265503,1.9033535718917847,2.7322192192077637,14.81992244720459
1049,0.00015755000640638173,9.82629680633545,4.333136081695557,0.4416416883468628,1.6838397979736328,1.9136966466903687,2.7717137336730957,15.173833847045898
1050,0.00015750000602565706,9.810483932495117,4.33462381362915,0.44250521063804626,1.6777851581573486,1.9094616174697876,2.8066232204437256,15.079069137573242
1051,0.0001574500056449324,9.70896053314209,4.28013801574707,0.44237008690834045,1.6621507406234741,1.8939374685287476,2.677497148513794,14.791739463806152
1052,0.00015740000526420772,9.684930801391602,4.287887096405029,0.44329148530960083,1.6512507200241089,1.8996092081069946,2.760719060897827,14.908419609069824
1053,0.00015735000488348305,9.778155326843262,4.312469482421875,0.4436376988887787,1.674015998840332,1.9045798778533936,2.777412176132202,15.236455917358398
1054,0.00015730000450275838,9.699397087097168,4.26837158203125,0.44199052453041077,1.6630115509033203,1.8855810165405273,2.758730173110962,14.827474594116211
1055,0.00015725000412203372,9.668864250183105,4.274284362792969,0.44289836287498474,1.6505603790283203,1.8852767944335938,2.7777411937713623,15.11762523651123
1056,0.00015720000374130905,9.803340911865234,4.32921838760376,0.44381847977638245,1.6767680644989014,1.9090005159378052,2.79673433303833,15.144742012023926
1057,0.00015715000336058438,9.727750778198242,4.2819414138793945,0.442253977060318,1.6678516864776611,1.8930187225341797,2.7476017475128174,15.179972648620605
1058,0.0001571000029798597,9.837930679321289,4.332659721374512,0.44004344940185547,1.6884090900421143,1.9123642444610596,2.8018245697021484,15.043740272521973
1059,0.00015705000259913504,9.739734649658203,4.314727306365967,0.4412690997123718,1.6612461805343628,1.9068793058395386,2.697007656097412,14.608379364013672
1060,0.00015700000221841037,9.693533897399902,4.277288913726807,0.4396807849407196,1.6588547229766846,1.891564965248108,2.7774219512939453,15.480100631713867
1061,0.0001569500018376857,9.771905899047852,4.322000980377197,0.4424617886543274,1.6691478490829468,1.911896824836731,2.737478494644165,15.032204627990723
1062,0.00015690000145696104,9.658567428588867,4.273054599761963,0.43975165486335754,1.6485868692398071,1.8898186683654785,2.711763620376587,14.794901847839355
1063,0.00015685000107623637,9.770508766174316,4.311681747436523,0.4418179392814636,1.672336459159851,1.9113503694534302,2.7642717361450195,14.745644569396973
1064,0.0001568000006955117,9.631311416625977,4.2605156898498535,0.4401947557926178,1.643533706665039,1.8834034204483032,2.7974040508270264,15.554067611694336
1065,0.00015675000031478703,9.703716278076172,4.286041736602783,0.4427947402000427,1.6582931280136108,1.8989003896713257,2.799079179763794,15.030566215515137
1066,0.00015669999993406236,9.699667930603027,4.275068759918213,0.44230917096138,1.660763144493103,1.887081265449524,2.7120866775512695,14.856629371643066
1067,0.0001566499995533377,9.66183090209961,4.267158508300781,0.4407598078250885,1.6513042449951172,1.8865569829940796,2.677785634994507,14.543913841247559
1068,0.00015659999917261302,9.718245506286621,4.299744606018066,0.438676118850708,1.6599416732788086,1.904301404953003,2.6877987384796143,14.626980781555176
1069,0.00015654999879188836,9.731208801269531,4.305863857269287,0.43919169902801514,1.6620509624481201,1.907984972000122,2.702165126800537,14.856250762939453
1070,0.0001564999984111637,9.618072509765625,4.251341819763184,0.44062504172325134,1.6420351266860962,1.8823573589324951,2.9444644451141357,15.667420387268066
1071,0.00015644999803043902,9.635114669799805,4.258746147155762,0.4424266219139099,1.644647479057312,1.8801630735397339,2.830345869064331,15.362920761108398
1072,0.00015639999764971435,9.681748390197754,4.272418975830078,0.4388473331928253,1.6568272113800049,1.8819050788879395,2.705836057662964,14.788420677185059
1073,0.00015634999726898968,9.695235252380371,4.277548789978027,0.44378215074539185,1.6579680442810059,1.8904041051864624,2.7763783931732178,15.369146347045898
1074,0.00015629999688826501,9.747093200683594,4.307018280029297,0.4410586655139923,1.6663388013839722,1.904905080795288,2.7811408042907715,14.72182846069336
1075,0.00015624999650754035,9.643267631530762,4.257079124450684,0.43857884407043457,1.6492030620574951,1.8799606561660767,2.764530897140503,14.978991508483887
1076,0.00015619999612681568,9.7030611038208,4.29641580581665,0.44203460216522217,1.6548701524734497,1.9027520418167114,2.9171736240386963,15.570388793945312
1077,0.000156149995746091,9.658319473266602,4.258206367492676,0.43657243251800537,1.6545135974884033,1.8843681812286377,2.7077245712280273,14.668177604675293
1078,0.00015609999536536634,9.72023868560791,4.289511680603027,0.44277703762054443,1.6626498699188232,1.8923838138580322,2.712022542953491,15.013542175292969
1079,0.00015604999498464167,9.690302848815918,4.285818099975586,0.4409075081348419,1.6545257568359375,1.8951003551483154,2.7865588665008545,14.831342697143555
1080,0.000155999994603917,9.595792770385742,4.223625659942627,0.44168344140052795,1.6434944868087769,1.8720206022262573,2.7433764934539795,15.097724914550781
1081,0.00015594999422319233,9.630175590515137,4.247920989990234,0.4425514042377472,1.6465675830841064,1.8759933710098267,2.699084520339966,14.761452674865723
1082,0.00015589999384246767,9.651915550231934,4.260139465332031,0.4400762915611267,1.6505666971206665,1.882421612739563,2.733368396759033,14.6993989944458
1083,0.000155849993461743,9.638787269592285,4.2595109939575195,0.4405840039253235,1.6462308168411255,1.8776066303253174,2.821230888366699,15.283976554870605
1084,0.00015579999308101833,9.650566101074219,4.260030746459961,0.44124361872673035,1.6497639417648315,1.8800355195999146,2.751715660095215,14.868904113769531
1085,0.0001557500072522089,9.63106632232666,4.2460222244262695,0.4415161609649658,1.6478427648544312,1.8771777153015137,2.7216756343841553,14.839319229125977
1086,0.00015570000687148422,9.687033653259277,4.26095724105835,0.4384992718696594,1.6625258922576904,1.8834096193313599,2.698232889175415,14.76172924041748
1087,0.00015565000649075955,9.66392707824707,4.269918441772461,0.44248056411743164,1.650509238243103,1.8903148174285889,2.7341995239257812,15.00312328338623
1088,0.00015560000611003488,9.704723358154297,4.27874231338501,0.4422556757926941,1.6612416505813599,1.886912226676941,2.8308627605438232,15.297869682312012
1089,0.00015555000572931021,9.615918159484863,4.2433295249938965,0.4410717487335205,1.6438390016555786,1.8770283460617065,2.713141679763794,14.699427604675293
1090,0.00015550000534858555,9.584893226623535,4.219302177429199,0.4422816038131714,1.6411031484603882,1.8609100580215454,2.7328109741210938,14.636252403259277
1091,0.00015545000496786088,9.705794334411621,4.275699138641357,0.44150403141975403,1.6628636121749878,1.886170744895935,2.7244091033935547,14.77154541015625
1092,0.0001554000045871362,9.640753746032715,4.248487949371338,0.43999841809272766,1.6507560014724731,1.8810067176818848,2.6896984577178955,14.68797492980957
1093,0.00015535000420641154,9.549057006835938,4.196835994720459,0.43999621272087097,1.6374083757400513,1.8585195541381836,2.7666289806365967,15.254369735717773
1094,0.00015530000382568687,9.586451530456543,4.231101036071777,0.4409771263599396,1.6381244659423828,1.865285038948059,2.662733793258667,14.576750755310059
1095,0.0001552500034449622,9.619775772094727,4.245684623718262,0.4413852393627167,1.6442352533340454,1.878054141998291,2.7694714069366455,14.76186752319336
1096,0.00015520000306423753,9.567971229553223,4.228182315826416,0.44156232476234436,1.6327422857284546,1.8728444576263428,2.859846353530884,15.052614212036133
1097,0.00015515000268351287,9.71688175201416,4.272336959838867,0.440250426530838,1.6680980920791626,1.8881235122680664,2.65986967086792,14.455156326293945
1098,0.0001551000023027882,9.580561637878418,4.223893165588379,0.43943771719932556,1.639076828956604,1.8636610507965088,2.726240396499634,14.917317390441895
1099,0.00015505000192206353,9.613729476928711,4.238839149475098,0.4398515224456787,1.6450128555297852,1.8707727193832397,2.7242722511291504,15.01363468170166
1100,0.00015500000154133886,9.59514045715332,4.229461193084717,0.4419335126876831,1.6412485837936401,1.867719054222107,2.678652048110962,14.604369163513184
1101,0.0001549500011606142,9.581682205200195,4.223153114318848,0.44017475843429565,1.6394513845443726,1.8664984703063965,2.696514844894409,14.581422805786133
1102,0.00015490000077988952,9.634910583496094,4.252158164978027,0.44050177931785583,1.6474167108535767,1.8794887065887451,2.809138059616089,15.086043357849121
1103,0.00015485000039916486,9.595785140991211,4.242041110992432,0.4421969950199127,1.637182354927063,1.8772157430648804,2.7906243801116943,15.129561424255371
1104,0.0001548000000184402,9.615966796875,4.252285480499268,0.43874335289001465,1.6416460275650024,1.8772575855255127,2.77544903755188,15.110200881958008
1105,0.00015474999963771552,9.599328994750977,4.239071369171143,0.4411333501338959,1.6397080421447754,1.8753206729888916,2.7802021503448486,15.776008605957031
1106,0.00015469999925699085,9.657632827758789,4.262560844421387,0.43998968601226807,1.6516941785812378,1.8817894458770752,2.7732691764831543,15.48350715637207
1107,0.00015464999887626618,9.547304153442383,4.199272155761719,0.4411930441856384,1.6356130838394165,1.858273983001709,2.7856476306915283,15.408011436462402
1108,0.0001545999984955415,9.576417922973633,4.222172737121582,0.4401066303253174,1.638046145439148,1.8688939809799194,2.6795589923858643,14.511821746826172
1109,0.00015454999811481684,9.553083419799805,4.212331295013428,0.439223974943161,1.6338425874710083,1.862087607383728,2.7749531269073486,15.102422714233398
1110,0.00015449999773409218,9.603561401367188,4.243064880371094,0.4406757950782776,1.6399402618408203,1.876908302307129,2.722813367843628,14.991766929626465
1111,0.0001544499973533675,9.540464401245117,4.185155868530273,0.4410443902015686,1.6380881071090698,1.8474147319793701,2.7041685581207275,14.745842933654785
1112,0.00015439999697264284,9.59088134765625,4.235102653503418,0.4413919150829315,1.6381289958953857,1.870502233505249,2.7155098915100098,14.739873886108398
1113,0.00015434999659191817,9.543633460998535,4.2102370262146,0.4400591254234314,1.6311123371124268,1.866283655166626,2.7453036308288574,14.816489219665527
1114,0.0001542999962111935,9.610516548156738,4.236629962921143,0.43961700797080994,1.6447566747665405,1.8667652606964111,2.7923126220703125,14.993524551391602
1115,0.00015424999583046883,9.581643104553223,4.226316452026367,0.4408881366252899,1.638146162033081,1.8674941062927246,2.7908618450164795,14.983467102050781
1116,0.00015419999544974416,9.533211708068848,4.19657039642334,0.4411521553993225,1.6318296194076538,1.853690266609192,2.7230796813964844,14.814482688903809
1117,0.0001541499950690195,9.592745780944824,4.229840278625488,0.4418964982032776,1.640336275100708,1.870369553565979,2.7242751121520996,14.744312286376953
1118,0.00015409999468829483,9.571054458618164,4.237889289855957,0.4401465654373169,1.631006121635437,1.8654738664627075,2.7230629920959473,14.73085880279541
1119,0.00015404999430757016,9.536731719970703,4.214842319488525,0.44027480483055115,1.6272050142288208,1.8629558086395264,2.764504909515381,14.959558486938477
1120,0.0001539999939268455,9.553482055664062,4.222451210021973,0.4377935528755188,1.631079077720642,1.860568642616272,2.8166205883026123,15.286794662475586
1121,0.00015394999354612082,9.59182071685791,4.215296268463135,0.44256189465522766,1.6446542739868164,1.8675721883773804,2.8521387577056885,14.924607276916504
1122,0.00015389999316539615,9.56744384765625,4.212051868438721,0.4425288438796997,1.6376209259033203,1.8593262434005737,2.719075918197632,14.914113998413086
1123,0.00015384999278467149,9.539837837219238,4.2355499267578125,0.44154733419418335,1.6209135055541992,1.8600658178329468,2.7079625129699707,14.743642807006836
1124,0.00015380000695586205,9.535055160522461,4.206704139709473,0.439908504486084,1.6294810771942139,1.8576834201812744,2.742081642150879,14.846575736999512
1125,0.00015375000657513738,9.478415489196777,4.178302764892578,0.4399665892124176,1.6200486421585083,1.8508647680282593,2.738859176635742,15.154285430908203
1126,0.0001537000061944127,9.511338233947754,4.194469451904297,0.43530529737472534,1.627187967300415,1.8537940979003906,2.700820207595825,14.546116828918457
1127,0.00015365000581368804,9.48617172241211,4.184113025665283,0.43990790843963623,1.62071692943573,1.8496824502944946,2.7805259227752686,15.225350379943848
1128,0.00015360000543296337,9.497443199157715,4.1931657791137695,0.44147181510925293,1.6209354400634766,1.8513761758804321,2.6982452869415283,14.690361022949219
1129,0.0001535500050522387,9.512319564819336,4.204977512359619,0.4416038691997528,1.6219127178192139,1.855410099029541,3.0275940895080566,15.58967399597168
1130,0.00015350000467151403,9.5377836227417,4.1909260749816895,0.4396590292453766,1.6357327699661255,1.8555353879928589,2.816131114959717,15.937844276428223
1131,0.00015345000429078937,9.517600059509277,4.1983323097229,0.44067540764808655,1.626197338104248,1.8531689643859863,2.74019718170166,14.945448875427246
1132,0.0001534000039100647,9.449031829833984,4.156582832336426,0.44157642126083374,1.616957426071167,1.8421473503112793,2.6769869327545166,14.664804458618164
1133,0.00015335000352934003,9.58917236328125,4.241478443145752,0.4408617615699768,1.6356106996536255,1.8717914819717407,2.689751148223877,14.715119361877441
1134,0.00015330000314861536,9.456742286682129,4.168685436248779,0.440479040145874,1.6158592700958252,1.8409096002578735,2.822739601135254,15.230039596557617
1135,0.0001532500027678907,9.47771167755127,4.16932487487793,0.4388306736946106,1.623185396194458,1.847154140472412,2.7466092109680176,14.968473434448242
1136,0.00015320000238716602,9.484704971313477,4.169148921966553,0.43861323595046997,1.625647783279419,1.8469133377075195,2.7538392543792725,14.863029479980469
1137,0.00015315000200644135,9.461660385131836,4.181490421295166,0.43694305419921875,1.61440908908844,1.8455854654312134,2.709705114364624,14.581830978393555
1138,0.00015310000162571669,9.459558486938477,4.173433303833008,0.43894439935684204,1.6157267093658447,1.8462697267532349,2.6920573711395264,14.614920616149902
1139,0.00015305000124499202,9.534684181213379,4.206713676452637,0.4372864365577698,1.630228042602539,1.8558441400527954,2.744765043258667,14.785638809204102
1140,0.00015300000086426735,9.584158897399902,4.2358245849609375,0.43872496485710144,1.6365365982055664,1.874512791633606,2.8299577236175537,15.658446311950684
1141,0.00015295000048354268,9.448100090026855,4.170722961425781,0.43963322043418884,1.6125813722610474,1.8461487293243408,2.68599271774292,14.67940902709961
1142,0.000152900000102818,9.46590518951416,4.159147262573242,0.43992650508880615,1.6222771406173706,1.8370153903961182,2.7148146629333496,14.74951457977295
1143,0.00015284999972209334,9.478434562683105,4.184572696685791,0.4395093023777008,1.6181175708770752,1.8514249324798584,2.7629876136779785,14.727418899536133
1144,0.00015279999934136868,9.440427780151367,4.157625198364258,0.43915554881095886,1.6145490407943726,1.8385635614395142,2.7802228927612305,15.10178279876709
1145,0.000152749998960644,9.467049598693848,4.168760299682617,0.44056522846221924,1.6192412376403809,1.8397963047027588,2.8344554901123047,15.853797912597656
1146,0.00015269999857991934,9.49775505065918,4.1853485107421875,0.44179049134254456,1.623538613319397,1.8477689027786255,2.7535910606384277,15.032967567443848
1147,0.00015264999819919467,9.513468742370605,4.201661109924316,0.4359585642814636,1.6252830028533936,1.8526169061660767,2.7121658325195312,14.707093238830566
1148,0.00015259999781847,9.491098403930664,4.17010498046875,0.43988603353500366,1.6270358562469482,1.8439536094665527,2.692167043685913,14.647479057312012
1149,0.00015254999743774533,9.514786720275879,4.197014331817627,0.44000867009162903,1.625921368598938,1.8532992601394653,2.775372266769409,15.159207344055176
1150,0.00015249999705702066,9.465336799621582,4.181767463684082,0.4391356110572815,1.6148114204406738,1.8478734493255615,2.801807165145874,15.086114883422852
1151,0.000152449996676296,9.41971206665039,4.147602558135986,0.44231826066970825,1.6099305152893066,1.8309239149093628,2.77441668510437,14.843229293823242
1152,0.00015239999629557133,9.491639137268066,4.177258491516113,0.4397231936454773,1.6248860359191895,1.84554123878479,2.7571187019348145,14.917470932006836
1153,0.00015234999591484666,9.430638313293457,4.159913063049316,0.4383280277252197,1.6107990741729736,1.833675742149353,2.725216865539551,15.103049278259277
1154,0.000152299995534122,9.539095878601074,4.208205223083496,0.4335620701313019,1.6324427127838135,1.8518292903900146,2.777874231338501,15.201964378356934
1155,0.00015224999515339732,9.457209587097168,4.172039031982422,0.4404488801956177,1.6149073839187622,1.8388986587524414,2.761744499206543,14.837635040283203
1156,0.00015219999477267265,9.465703010559082,4.169139385223389,0.43876662850379944,1.6192656755447388,1.841387391090393,2.726321220397949,14.746786117553711
1157,0.00015214999439194798,9.47131633758545,4.165055751800537,0.43964436650276184,1.622205376625061,1.8420027494430542,2.7021055221557617,14.460210800170898
1158,0.00015209999401122332,9.413068771362305,4.144191741943359,0.43891236186027527,1.6099883317947388,1.833248257637024,2.7589235305786133,15.054413795471191
1159,0.00015204999363049865,9.438288688659668,4.161735534667969,0.4405837655067444,1.6119898557662964,1.836390495300293,2.757563829421997,14.956923484802246
1160,0.00015199999324977398,9.489118576049805,4.20068359375,0.4395522177219391,1.616294264793396,1.8559669256210327,2.781116485595703,14.829519271850586
1161,0.0001519499928690493,9.428485870361328,4.139936923980713,0.4387647211551666,1.6165947914123535,1.8282443284988403,2.7492105960845947,14.634559631347656
1162,0.00015190000704023987,9.382429122924805,4.147194862365723,0.43998992443084717,1.5984147787094116,1.833853006362915,2.7622506618499756,14.87537670135498
1163,0.0001518500066595152,9.490814208984375,4.195859432220459,0.4410319924354553,1.6179744005203247,1.854904055595398,2.7209300994873047,14.827866554260254
1164,0.00015180000627879053,9.444330215454102,4.148465156555176,0.43906456232070923,1.6189334392547607,1.8335020542144775,2.7044765949249268,14.841455459594727
1165,0.00015175000589806587,9.434221267700195,4.1623005867004395,0.43793851137161255,1.6113274097442627,1.8401055335998535,2.7142748832702637,14.879509925842285
1166,0.0001517000055173412,9.3754301071167,4.148018836975098,0.43429210782051086,1.5977064371109009,1.83774995803833,2.70981502532959,14.83940315246582
1167,0.00015165000513661653,9.473045349121094,4.182183742523193,0.4384038746356964,1.617485761642456,1.8501344919204712,2.713578701019287,14.612299919128418
1168,0.00015160000475589186,9.415817260742188,4.144668102264404,0.4390604794025421,1.6106960773468018,1.836508870124817,2.732924461364746,14.885436058044434
1169,0.0001515500043751672,9.42686653137207,4.155007839202881,0.4397815465927124,1.6106925010681152,1.839860200881958,2.7102198600769043,14.632179260253906
1170,0.00015150000399444252,9.373974800109863,4.137625694274902,0.4362000823020935,1.600049614906311,1.8303370475769043,2.735105514526367,14.823956489562988
1171,0.00015145000361371785,9.370298385620117,4.129312038421631,0.4381932020187378,1.6009312868118286,1.8295446634292603,2.7176764011383057,14.73244571685791
1172,0.00015140000323299319,9.390739440917969,4.125323295593262,0.4402080178260803,1.6084026098251343,1.8214088678359985,2.7140183448791504,14.705702781677246
1173,0.00015135000285226852,9.43651008605957,4.167829513549805,0.4409380257129669,1.6092474460601807,1.8383854627609253,2.783707857131958,15.05770492553711
1174,0.00015130000247154385,9.367237091064453,4.129507064819336,0.4392559826374054,1.5994912385940552,1.8234044313430786,2.75394344329834,14.786277770996094
1175,0.00015125000209081918,9.432019233703613,4.164592742919922,0.4391886293888092,1.609412670135498,1.84382164478302,2.80208420753479,15.061323165893555
1176,0.0001512000017100945,9.477529525756836,4.201591491699219,0.4407652020454407,1.6117242574691772,1.8580838441848755,2.9058687686920166,15.287640571594238
1177,0.00015115000132936984,9.44543743133545,4.163111209869385,0.43743595480918884,1.6149635314941406,1.8442506790161133,2.790959358215332,14.94416332244873
1178,0.00015110000094864517,9.450087547302246,4.15192985534668,0.43847113847732544,1.619895339012146,1.8313806056976318,2.6634409427642822,14.610458374023438
1179,0.0001510500005679205,9.373425483703613,4.1245832443237305,0.4383127987384796,1.6035099029541016,1.8201980590820312,2.7642931938171387,14.760611534118652
1180,0.00015100000018719584,9.316906929016113,4.114031791687012,0.4359720051288605,1.5889678001403809,1.8176417350769043,2.715980291366577,14.551986694335938
1181,0.00015094999980647117,9.429305076599121,4.147023677825928,0.436200886964798,1.615360140800476,1.8290225267410278,2.776482343673706,14.984870910644531
1182,0.0001508999994257465,9.384710311889648,4.139745235443115,0.4410504400730133,1.6013050079345703,1.8267889022827148,2.7954790592193604,15.185622215270996
1183,0.00015084999904502183,9.412087440490723,4.142186641693115,0.43964773416519165,1.6100844144821167,1.8218549489974976,2.698378324508667,14.700573921203613
1184,0.00015079999866429716,9.353140830993652,4.114718914031982,0.439384400844574,1.5996789932250977,1.817863941192627,2.8522605895996094,15.15887451171875
1185,0.0001507499982835725,9.357147216796875,4.114424228668213,0.44184768199920654,1.6002918481826782,1.8141306638717651,2.8238399028778076,15.201156616210938
1186,0.00015069999790284783,9.337419509887695,4.1122355461120605,0.43928974866867065,1.5952982902526855,1.8171418905258179,2.7596023082733154,14.79605484008789
1187,0.00015064999752212316,9.35619068145752,4.112834930419922,0.4386981129646301,1.6015527248382568,1.819573998451233,2.790644407272339,15.184921264648438
1188,0.0001505999971413985,9.416837692260742,4.149661540985107,0.4391056001186371,1.6093569993972778,1.8347679376602173,2.740297794342041,14.995861053466797
1189,0.00015054999676067382,9.411151885986328,4.152740955352783,0.4398523271083832,1.6061863899230957,1.8389160633087158,2.7567451000213623,14.914077758789062
1190,0.00015049999637994915,9.394608497619629,4.148904800415039,0.4385046660900116,1.6023997068405151,1.8310121297836304,2.703218460083008,14.673802375793457
1191,0.00015044999599922448,9.40966796875,4.137385368347168,0.43892645835876465,1.6111186742782593,1.830631136894226,2.759439468383789,15.032044410705566
1192,0.00015039999561849982,9.38240909576416,4.141123294830322,0.4372861683368683,1.6013330221176147,1.8262020349502563,2.801689863204956,15.315595626831055
1193,0.00015034999523777515,9.412689208984375,4.156903266906738,0.4407307803630829,1.6050183773040771,1.8314590454101562,2.696842670440674,14.724431037902832
1194,0.00015029999485705048,9.346144676208496,4.098638534545898,0.43944498896598816,1.6026870012283325,1.80863356590271,2.769625663757324,14.786247253417969
1195,0.0001502499944763258,9.292892456054688,4.091547012329102,0.43921804428100586,1.5873757600784302,1.8050663471221924,2.6730878353118896,14.533683776855469
1196,0.00015019999409560114,9.347854614257812,4.119588375091553,0.4385921061038971,1.5965579748153687,1.8180344104766846,2.7298576831817627,14.697073936462402
1197,0.00015014999371487647,9.346942901611328,4.112157344818115,0.43958407640457153,1.5984004735946655,1.8139694929122925,2.7895514965057373,15.03641128540039
1198,0.0001500999933341518,9.299345016479492,4.093564987182617,0.43675103783607483,1.5896761417388916,1.813578724861145,2.771859884262085,15.141646385192871
1199,0.00015004999295342714,9.350064277648926,4.11283016204834,0.44077154994010925,1.598820686340332,1.8208658695220947,2.778916835784912,15.642953872680664
1200,0.0001500000071246177,9.335010528564453,4.1065287590026855,0.439419686794281,1.5963540077209473,1.8120139837265015,2.695495843887329,14.80990219116211
1201,0.00014995000674389303,9.38128662109375,4.134177207946777,0.43802279233932495,1.603028655052185,1.8264495134353638,2.739084482192993,14.826348304748535
1202,0.00014990000636316836,9.434415817260742,4.15707540512085,0.43699735403060913,1.613447904586792,1.829512357711792,2.8459956645965576,15.395455360412598
1203,0.0001498500059824437,9.270328521728516,4.084670066833496,0.43873247504234314,1.5823086500167847,1.8085530996322632,2.834700107574463,15.385689735412598
1204,0.00014980000560171902,9.385140419006348,4.137272834777832,0.4377748668193817,1.6033642292022705,1.826433777809143,2.694913148880005,14.486258506774902
1205,0.00014975000522099435,9.264540672302246,4.088172912597656,0.4377974271774292,1.5795234441757202,1.8038341999053955,2.861541986465454,15.194612503051758
1206,0.00014970000484026968,9.300836563110352,4.102842330932617,0.43570107221603394,1.5874310731887817,1.8134335279464722,2.698057174682617,14.826162338256836
1207,0.00014965000445954502,9.337199211120605,4.118912220001221,0.43887221813201904,1.5931382179260254,1.8157752752304077,2.7271597385406494,14.731721878051758
1208,0.00014960000407882035,9.293646812438965,4.091883659362793,0.43593207001686096,1.5886104106903076,1.8079674243927002,2.7039828300476074,14.631685256958008
1209,0.00014955000369809568,9.371787071228027,4.1408371925354,0.4363122582435608,1.5982125997543335,1.825293779373169,2.8177967071533203,15.826260566711426
1210,0.000149500003317371,9.272817611694336,4.087453365325928,0.43618983030319214,1.58305823802948,1.8119211196899414,2.7232742309570312,14.69908332824707
1211,0.00014945000293664634,9.362811088562012,4.118766784667969,0.43689990043640137,1.6023815870285034,1.8181806802749634,2.683377504348755,14.573077201843262
1212,0.00014940000255592167,9.318275451660156,4.107619285583496,0.4372895359992981,1.5911223888397217,1.8139756917953491,2.7007083892822266,14.723933219909668
1213,0.000149350002175197,9.260602951049805,4.092637538909912,0.4345674216747284,1.5777993202209473,1.8064162731170654,2.7290539741516113,14.796793937683105
1214,0.00014930000179447234,9.34326457977295,4.113819599151611,0.4371567964553833,1.5974295139312744,1.8124691247940063,2.672671318054199,14.574102401733398
1215,0.00014925000141374767,9.331798553466797,4.101876258850098,0.4374803602695465,1.5974806547164917,1.8098182678222656,2.691610097885132,14.452644348144531
1216,0.000149200001033023,9.356937408447266,4.126352310180664,0.43793654441833496,1.597549557685852,1.8164138793945312,2.7034494876861572,14.718111038208008
1217,0.00014915000065229833,9.323934555053711,4.105921268463135,0.4372882544994354,1.5935750007629395,1.816098690032959,2.7300376892089844,14.670077323913574
1218,0.00014910000027157366,9.338082313537598,4.126996994018555,0.4354727566242218,1.5918710231781006,1.8218061923980713,2.684373378753662,14.537968635559082
1219,0.000149049999890849,9.262836456298828,4.090300559997559,0.4365547299385071,1.578660488128662,1.8053522109985352,2.6842217445373535,14.781485557556152
1220,0.00014899999951012433,9.273059844970703,4.093843936920166,0.43637579679489136,1.5809468030929565,1.8089501857757568,2.754216194152832,14.69349479675293
1221,0.00014894999912939966,9.332340240478516,4.110710144042969,0.4374365210533142,1.5947312116622925,1.8177881240844727,2.733684539794922,15.121044158935547
1222,0.000148899998748675,9.239628791809082,4.063720226287842,0.43813714385032654,1.5792572498321533,1.7937054634094238,2.70648455619812,14.748296737670898
1223,0.00014884999836795032,9.326680183410645,4.115218162536621,0.43359848856925964,1.592621088027954,1.816036581993103,2.684579849243164,14.582036972045898
1224,0.00014879999798722565,9.351070404052734,4.111245632171631,0.4379902482032776,1.6006115674972534,1.8160865306854248,2.7658894062042236,14.892557144165039
1225,0.00014874999760650098,9.271519660949707,4.088987827301025,0.43254587054252625,1.5833286046981812,1.8049678802490234,2.674398899078369,14.551589012145996
1226,0.00014869999722577631,9.298776626586914,4.087804794311523,0.4369582533836365,1.5913376808166504,1.8027019500732422,2.73038649559021,14.636250495910645
1227,0.00014864999684505165,9.254523277282715,4.06851053237915,0.4382905662059784,1.5825740098953247,1.802121877670288,2.7526462078094482,14.7797212600708
1228,0.00014859999646432698,9.337895393371582,4.1191582679748535,0.4382307827472687,1.593502163887024,1.823482871055603,2.6734704971313477,14.678698539733887
1229,0.0001485499960836023,9.281436920166016,4.092293739318848,0.43756207823753357,1.5838605165481567,1.8083703517913818,2.692605972290039,14.597390174865723
1230,0.00014849999570287764,9.257105827331543,4.078664779663086,0.4386763870716095,1.5799216032028198,1.797723412513733,2.7213387489318848,14.775848388671875
1231,0.00014844999532215297,9.284674644470215,4.079771995544434,0.43864837288856506,1.5887513160705566,1.8006166219711304,2.7432706356048584,14.694263458251953
1232,0.0001483999949414283,9.21041488647461,4.04580020904541,0.4359428286552429,1.5762239694595337,1.7802932262420654,2.770763635635376,14.859211921691895
1233,0.00014834999456070364,9.268965721130371,4.082328796386719,0.4368089735507965,1.5832760334014893,1.8050588369369507,2.6863389015197754,14.631157875061035
1234,0.00014829999417997897,9.32142448425293,4.103643894195557,0.43691664934158325,1.5936214923858643,1.8052918910980225,2.7678306102752686,14.976573944091797
1235,0.0001482499937992543,9.247098922729492,4.047832012176514,0.43396806716918945,1.5884329080581665,1.7916364669799805,2.806873321533203,15.043309211730957
1236,0.00014819999341852963,9.25450611114502,4.088813781738281,0.4383968710899353,1.5757652521133423,1.8073149919509888,2.666431427001953,14.689468383789062
1237,0.00014814999303780496,9.257823944091797,4.07786226272583,0.4369623064994812,1.5809998512268066,1.8024117946624756,2.7659072875976562,15.132043838500977
1238,0.00014810000720899552,9.2190523147583,4.051431179046631,0.4363667964935303,1.5770847797393799,1.7901724576950073,2.8076987266540527,15.092791557312012
1239,0.00014805000682827085,9.172469139099121,4.048224449157715,0.43415313959121704,1.5633639097213745,1.7840086221694946,2.785029411315918,14.80256462097168
1240,0.00014800000644754618,9.251330375671387,4.074771881103516,0.4379882514476776,1.5795235633850098,1.7967777252197266,2.685129404067993,14.594806671142578
1241,0.00014795000606682152,9.300553321838379,4.114255428314209,0.43353891372680664,1.5842530727386475,1.8125289678573608,2.7918591499328613,15.203178405761719
1242,0.00014790000568609685,9.208420753479004,4.063663005828857,0.4347310960292816,1.570008635520935,1.794898271560669,2.758828639984131,15.130691528320312
1243,0.00014785000530537218,9.282197952270508,4.086529731750488,0.4368359446525574,1.5862773656845093,1.8009294271469116,2.663133382797241,14.570777893066406
1244,0.0001478000049246475,9.276251792907715,4.080934047698975,0.4359341263771057,1.5864613056182861,1.8025163412094116,2.8357155323028564,15.221854209899902
1245,0.00014775000454392284,9.204473495483398,4.056609153747559,0.4363744854927063,1.5704965591430664,1.7881407737731934,2.7515063285827637,14.760893821716309
1246,0.00014770000416319817,9.258064270019531,4.080871105194092,0.4364476501941681,1.5802483558654785,1.7982416152954102,2.7407314777374268,14.911823272705078
1247,0.0001476500037824735,9.26589584350586,4.0774245262146,0.4370952844619751,1.5837918519973755,1.8007826805114746,2.7586114406585693,14.732177734375
1248,0.00014760000340174884,9.195744514465332,4.0667338371276855,0.43289825320243835,1.5653709173202515,1.7982505559921265,2.7025203704833984,14.57165241241455
1249,0.00014755000302102417,9.24273681640625,4.059321403503418,0.43530571460723877,1.5827031135559082,1.7910077571868896,2.7575550079345703,14.703411102294922
1250,0.0001475000026402995,9.179143905639648,4.028555870056152,0.4365300238132477,1.5713527202606201,1.7794098854064941,2.744413375854492,15.084366798400879
1251,0.00014745000225957483,9.186891555786133,4.041845321655273,0.4352571666240692,1.5699294805526733,1.7852493524551392,2.721280813217163,14.689407348632812
1252,0.00014740000187885016,9.243744850158691,4.072135925292969,0.4380624294281006,1.57784903049469,1.8007936477661133,2.7438063621520996,14.68457317352295
1253,0.0001473500014981255,9.244285583496094,4.060148239135742,0.4358057677745819,1.5827770233154297,1.792663812637329,2.728468418121338,14.697518348693848
1254,0.00014730000111740083,9.241389274597168,4.077396869659424,0.43427926301956177,1.5765711069107056,1.8026410341262817,2.797086477279663,14.834188461303711
1255,0.00014725000073667616,9.21674919128418,4.057343006134033,0.43638303875923157,1.574341058731079,1.7848998308181763,2.6537437438964844,14.414880752563477
1256,0.0001472000003559515,9.229168891906738,4.060664653778076,0.4372541904449463,1.5770833492279053,1.7861692905426025,2.720541000366211,14.988995552062988
1257,0.00014714999997522682,9.201406478881836,4.049195766448975,0.43598002195358276,1.5720770359039307,1.7884817123413086,2.703681707382202,14.738466262817383
1258,0.00014709999959450215,9.243063926696777,4.069613933563232,0.43702584505081177,1.5788081884384155,1.795849084854126,2.738635778427124,15.01927375793457
1259,0.00014704999921377748,9.104702949523926,4.0030646324157715,0.43553414940834045,1.555368185043335,1.769804835319519,2.7492339611053467,15.037860870361328
1260,0.00014699999883305281,9.17155933380127,4.027297496795654,0.43736109137535095,1.5689668655395508,1.7821229696273804,2.706982135772705,14.714037895202637
1261,0.00014694999845232815,9.21677303314209,4.055612087249756,0.4363766610622406,1.5749280452728271,1.7938288450241089,2.722557544708252,14.849508285522461
1262,0.00014689999807160348,9.177061080932617,4.03969669342041,0.43596890568733215,1.5671318769454956,1.7831600904464722,2.7601003646850586,14.915558815002441
1263,0.0001468499976908788,9.174569129943848,4.039515495300293,0.436716765165329,1.5661121606826782,1.779476284980774,2.7570791244506836,14.769166946411133
1264,0.00014679999731015414,9.15787124633789,4.020347595214844,0.43507736921310425,1.5674819946289062,1.7749217748641968,2.776456356048584,14.841208457946777
1265,0.00014674999692942947,9.2190580368042,4.0626301765441895,0.43665793538093567,1.573256492614746,1.7888381481170654,2.741135835647583,14.727581977844238
1266,0.0001466999965487048,9.1359224319458,4.020815372467041,0.4368513226509094,1.5594186782836914,1.7738670110702515,2.8556830883026123,15.050697326660156
1267,0.00014664999616798013,9.217524528503418,4.0675225257873535,0.43589097261428833,1.5713703632354736,1.798965334892273,2.801023006439209,14.992643356323242
1268,0.00014659999578725547,9.141674995422363,4.0192694664001465,0.43537312746047974,1.5623440742492676,1.7805906534194946,2.7822952270507812,15.07401180267334
1269,0.0001465499954065308,9.205094337463379,4.042660713195801,0.4336279332637787,1.5762686729431152,1.7820014953613281,2.761798858642578,14.978384971618652
1270,0.00014649999502580613,9.229652404785156,4.064769268035889,0.436330109834671,1.5761842727661133,1.789772868156433,2.7684895992279053,14.775943756103516
1271,0.00014644999464508146,9.191550254821777,4.047082901000977,0.43576157093048096,1.5695686340332031,1.7899202108383179,2.6774065494537354,14.584990501403809
1272,0.0001463999942643568,9.166749000549316,4.037220001220703,0.43724894523620605,1.5640933513641357,1.7819511890411377,2.703193187713623,14.757000923156738
1273,0.00014634999388363212,9.176722526550293,4.050437927246094,0.4371485412120819,1.5630451440811157,1.7896608114242554,2.760420799255371,15.131343841552734
1274,0.00014629999350290745,9.103130340576172,4.007887840270996,0.43534356355667114,1.5532997846603394,1.768984079360962,2.648700475692749,14.46712589263916
1275,0.0001462499931221828,9.144798278808594,4.036011695861816,0.4326328635215759,1.5587178468704224,1.7796276807785034,2.772378921508789,15.107674598693848
1276,0.00014619999274145812,9.21772575378418,4.06827449798584,0.4331047236919403,1.5721156597137451,1.7984267473220825,2.786823272705078,14.939004898071289
1277,0.00014615000691264868,9.187317848205566,4.03957462310791,0.4350210726261139,1.5709073543548584,1.7844702005386353,2.7261481285095215,14.607991218566895
1278,0.000146100006531924,9.161842346191406,4.024828910827637,0.4358353614807129,1.5670591592788696,1.77556574344635,2.7378365993499756,14.866313934326172
1279,0.00014605000615119934,9.147855758666992,4.037100315093994,0.4364084005355835,1.5581156015396118,1.7825456857681274,2.6977994441986084,14.784591674804688
1280,0.00014600000577047467,9.155739784240723,4.031003952026367,0.43551626801490784,1.5630731582641602,1.7797974348068237,2.730437994003296,14.804333686828613
1281,0.00014595000538975,9.113348007202148,4.002703666687012,0.4364434480667114,1.558066964149475,1.7673742771148682,2.6698739528656006,14.533337593078613
1282,0.00014590000500902534,9.13696575164795,4.018051624298096,0.4352666437625885,1.5612157583236694,1.7719961404800415,2.6912286281585693,14.655988693237305
1283,0.00014585000462830067,9.168191909790039,4.031052112579346,0.4339029788970947,1.5677456855773926,1.7789509296417236,2.7272026538848877,14.551898002624512
1284,0.000145800004247576,9.093209266662598,3.9925379753112793,0.4357421100139618,1.554976224899292,1.7613880634307861,2.8678486347198486,15.197917938232422
1285,0.00014575000386685133,9.151583671569824,4.030127048492432,0.43686404824256897,1.5615310668945312,1.7837430238723755,2.706413507461548,14.8656005859375
1286,0.00014570000348612666,9.167842864990234,4.031587600708008,0.43534737825393677,1.566969394683838,1.7803328037261963,2.7783164978027344,14.8158597946167
1287,0.000145650003105402,9.090568542480469,4.00759744644165,0.43606191873550415,1.5489698648452759,1.7681206464767456,2.748255491256714,14.784881591796875
1288,0.00014560000272467732,9.191994667053223,4.043349742889404,0.43661803007125854,1.5706753730773926,1.7866028547286987,2.710665702819824,14.729586601257324
1289,0.00014555000234395266,9.108677864074707,4.003725051879883,0.43686380982398987,1.5560297966003418,1.7627781629562378,2.6928088665008545,14.629520416259766
1290,0.000145500001963228,9.110093116760254,4.007810592651367,0.43366819620132446,1.5562047958374023,1.7665733098983765,2.74930477142334,14.978217124938965
1291,0.00014545000158250332,9.106378555297852,4.000604629516602,0.4353686571121216,1.5568019151687622,1.7649563550949097,2.776137590408325,14.818595886230469
1292,0.00014540000120177865,9.126530647277832,4.028183937072754,0.4339922368526459,1.5547846555709839,1.7762383222579956,2.7495813369750977,14.63785171508789
1293,0.00014535000082105398,9.147272109985352,4.037391662597656,0.43560904264450073,1.5580904483795166,1.7780864238739014,2.7323575019836426,14.88442325592041
1294,0.0001453000004403293,9.121413230895996,4.008777618408203,0.4349786341190338,1.5592187643051147,1.7707264423370361,2.796767473220825,15.0289306640625
1295,0.00014525000005960464,9.100857734680176,4.001416206359863,0.43652576208114624,1.5543051958084106,1.767100214958191,2.7051613330841064,14.64157772064209
1296,0.00014519999967887998,9.073026657104492,3.989551067352295,0.4341367483139038,1.5497797727584839,1.7646287679672241,2.706524610519409,14.651681900024414
1297,0.0001451499992981553,9.109794616699219,3.9989898204803467,0.4359699487686157,1.5582784414291382,1.7663984298706055,2.6983251571655273,14.556242942810059
1298,0.00014509999891743064,9.022692680358887,3.977412700653076,0.4368038475513458,1.5361586809158325,1.7579025030136108,2.7170183658599854,14.513029098510742
1299,0.00014504999853670597,9.081019401550293,4.001081943511963,0.4359186887741089,1.5480064153671265,1.7681374549865723,2.715662956237793,14.743441581726074
1300,0.0001449999981559813,9.098922729492188,3.996381998062134,0.43440818786621094,1.5560442209243774,1.766031265258789,2.794123888015747,14.890401840209961
1301,0.00014494999777525663,9.0838041305542,4.001368045806885,0.433829665184021,1.5495353937149048,1.7678518295288086,2.8193795680999756,15.141891479492188
1302,0.00014489999739453197,9.107555389404297,4.003589630126953,0.43590158224105835,1.5560212135314941,1.764387607574463,2.7603564262390137,14.806954383850098
1303,0.0001448499970138073,9.11219596862793,4.000828266143799,0.43429118394851685,1.559025526046753,1.7662416696548462,2.82964825630188,14.913783073425293
1304,0.00014479999663308263,9.11993408203125,4.006122589111328,0.4349323809146881,1.559626579284668,1.7641619443893433,2.7179925441741943,14.599527359008789
1305,0.00014474999625235796,9.009822845458984,3.9588816165924072,0.43662166595458984,1.5381066799163818,1.7504239082336426,2.8333427906036377,15.200104713439941
1306,0.0001446999958716333,9.111291885375977,4.0158162117004395,0.4349108636379242,1.5535213947296143,1.7723907232284546,2.7143945693969727,14.723764419555664
1307,0.00014464999549090862,9.059205055236816,3.986175775527954,0.4346044063568115,1.546141505241394,1.7596148252487183,2.7020390033721924,14.72146224975586
1308,0.00014459999511018395,9.113993644714355,4.017226696014404,0.43539223074913025,1.5537916421890259,1.7734018564224243,2.822431802749634,15.362401008605957
1309,0.00014454999472945929,9.103265762329102,4.006424427032471,0.43331077694892883,1.5545101165771484,1.7706407308578491,2.6994731426239014,14.60481071472168
1310,0.00014449999434873462,9.142355918884277,4.01151704788208,0.4357227087020874,1.565038800239563,1.7691361904144287,2.7163379192352295,14.57440185546875
1311,0.00014444999396800995,9.049199104309082,3.980766534805298,0.43622642755508423,1.5440688133239746,1.7593715190887451,2.722571611404419,14.783716201782227
1312,0.00014439999358728528,9.064821243286133,3.966567039489746,0.43446677923202515,1.554595947265625,1.7539384365081787,2.7524235248565674,14.752784729003906
1313,0.0001443499932065606,9.027376174926758,3.9785842895507812,0.4351569712162018,1.537878394126892,1.7565454244613647,2.7081539630889893,14.569945335388184
1314,0.00014429999282583594,9.040861129760742,3.9747214317321777,0.43567290902137756,1.5434890985488892,1.7551435232162476,2.6962814331054688,14.505240440368652
1315,0.0001442500069970265,9.075532913208008,3.9886021614074707,0.4376193583011627,1.549770474433899,1.7627347707748413,2.78422212600708,15.196249961853027
1316,0.00014420000661630183,9.057518005371094,3.979423761367798,0.43369626998901367,1.5481325387954712,1.7524170875549316,2.6842498779296875,14.448545455932617
1317,0.00014415000623557717,9.02006721496582,3.965761661529541,0.4294792711734772,1.5416088104248047,1.751056432723999,2.6736721992492676,14.509202003479004
1318,0.0001441000058548525,9.119427680969238,4.016487121582031,0.4346771240234375,1.556087851524353,1.7681020498275757,2.853940486907959,15.084964752197266
1319,0.00014405000547412783,9.024495124816895,3.9590063095092773,0.43449193239212036,1.5436656475067139,1.7538288831710815,2.694626808166504,14.825589179992676
1320,0.00014400000509340316,9.035928726196289,3.9803881645202637,0.43540439009666443,1.5400452613830566,1.7607699632644653,2.7205374240875244,14.671598434448242
1321,0.0001439500047126785,9.037138938903809,3.9695241451263428,0.4362688958644867,1.5437819957733154,1.7516928911209106,2.81711483001709,14.886874198913574
1322,0.00014390000433195382,9.009453773498535,3.9689552783966064,0.43509575724601746,1.5351343154907227,1.7501426935195923,2.7535037994384766,15.076115608215332
1323,0.00014385000395122916,9.068318367004395,3.987865924835205,0.4340987503528595,1.548784613609314,1.7582340240478516,2.7701919078826904,14.922497749328613
1324,0.0001438000035705045,9.039615631103516,3.976167678833008,0.4345190227031708,1.5429762601852417,1.7569878101348877,2.75254487991333,14.985743522644043
1325,0.00014375000318977982,9.13106918334961,4.014012336730957,0.4352000057697296,1.5606187582015991,1.7705371379852295,2.715822696685791,14.535571098327637
1326,0.00014370000280905515,9.018245697021484,3.959812879562378,0.4357563555240631,1.5408921241760254,1.7485936880111694,2.7009894847869873,14.750000953674316
1327,0.00014365000242833048,9.082094192504883,4.00098180770874,0.43263471126556396,1.549492359161377,1.7659268379211426,2.683068037033081,14.75680160522461
1328,0.0001436000020476058,8.974139213562012,3.9408934116363525,0.4343062937259674,1.5329797267913818,1.7409864664077759,2.7806153297424316,15.210453987121582
1329,0.00014355000166688114,9.024765014648438,3.9662744998931885,0.43199190497398376,1.5421663522720337,1.7492611408233643,2.699601173400879,14.796977043151855
1330,0.00014350000128615648,9.087739944458008,3.992117404937744,0.4367190897464752,1.5529676675796509,1.7584797143936157,2.7594406604766846,14.815229415893555
1331,0.0001434500009054318,9.01938247680664,3.9718310832977295,0.434894323348999,1.5375523567199707,1.753676176071167,2.712001085281372,14.772680282592773
1332,0.00014340000052470714,8.994729995727539,3.9416513442993164,0.43174946308135986,1.5404430627822876,1.7382864952087402,2.7601661682128906,15.041169166564941
1333,0.00014335000014398247,9.061285972595215,3.9738717079162598,0.4321048855781555,1.5517696142196655,1.7503618001937866,2.7169759273529053,14.799983978271484
1334,0.0001432999997632578,9.004464149475098,3.9623725414276123,0.4352189302444458,1.5356242656707764,1.747191309928894,2.6902730464935303,14.530336380004883
1335,0.00014324999938253313,9.015965461730957,3.963379144668579,0.43318742513656616,1.5397995710372925,1.7483320236206055,2.723966360092163,14.76004695892334
1336,0.00014319999900180846,8.999298095703125,3.9442713260650635,0.43344128131866455,1.540528416633606,1.7380876541137695,2.9485199451446533,15.710738182067871
1337,0.0001431499986210838,8.973062515258789,3.937931537628174,0.4336518943309784,1.533826231956482,1.735172986984253,2.7299914360046387,14.782097816467285
1338,0.00014309999824035913,9.155156135559082,4.021678924560547,0.43259143829345703,1.5669620037078857,1.77397882938385,2.7513790130615234,15.024664878845215
1339,0.00014304999785963446,9.02332592010498,3.969597816467285,0.43365299701690674,1.5400251150131226,1.7528431415557861,2.718722105026245,14.825088500976562
1340,0.0001429999974789098,9.008559226989746,3.950315475463867,0.43412360548973083,1.541373372077942,1.743633508682251,2.6793370246887207,14.507063865661621
1341,0.00014294999709818512,9.046039581298828,3.9732015132904053,0.4355504810810089,1.545762538909912,1.7573575973510742,2.6932761669158936,14.648507118225098
1342,0.00014289999671746045,8.95796012878418,3.9380624294281006,0.4346851706504822,1.5284042358398438,1.7425559759140015,2.711336135864258,14.763495445251465
1343,0.00014284999633673579,8.95766544342041,3.9344775676727295,0.4320882260799408,1.5303665399551392,1.7353465557098389,2.7408432960510254,14.927992820739746
1344,0.00014279999595601112,9.018434524536133,3.9687392711639404,0.4344292879104614,1.5384219884872437,1.750805377960205,2.7156903743743896,14.688874244689941
1345,0.00014274999557528645,9.006560325622559,3.954188346862793,0.43508481979370117,1.5390956401824951,1.7433710098266602,2.699416399002075,14.532159805297852
1346,0.00014269999519456178,8.971433639526367,3.952540159225464,0.43438464403152466,1.5281695127487183,1.741143822669983,2.769308090209961,15.330443382263184
1347,0.0001426499948138371,9.03505802154541,3.9659366607666016,0.43352392315864563,1.5451990365982056,1.7493600845336914,2.7783944606781006,14.735995292663574
1348,0.00014259999443311244,8.946002006530762,3.932690382003784,0.4330822229385376,1.5267430543899536,1.736035704612732,2.7168853282928467,14.580780982971191
1349,0.00014254999405238777,8.989385604858398,3.9499194622039795,0.4344231188297272,1.5350145101547241,1.7408140897750854,2.865292549133301,15.266500473022461
1350,0.0001424999936716631,9.005029678344727,3.9533088207244873,0.4347492456436157,1.5389903783798218,1.7444894313812256,2.722566843032837,14.757643699645996
1351,0.00014244999329093844,8.99876594543457,3.952068328857422,0.4315375089645386,1.5383868217468262,1.7418376207351685,2.7544493675231934,14.830740928649902
1352,0.00014239999291021377,8.95864486694336,3.9406116008758545,0.43072161078453064,1.5291039943695068,1.7396234273910522,2.8046720027923584,15.495857238769531
1353,0.00014235000708140433,8.931493759155273,3.93117618560791,0.4350539445877075,1.5217543840408325,1.740422248840332,2.9151699542999268,15.520271301269531
1354,0.00014230000670067966,9.014671325683594,3.9658966064453125,0.43608853220939636,1.5375621318817139,1.7513710260391235,2.812915325164795,15.149251937866211
1355,0.000142250006319955,8.963830947875977,3.9390978813171387,0.43375664949417114,1.5303254127502441,1.7377941608428955,2.7480671405792236,14.956201553344727
1356,0.00014220000593923032,9.010621070861816,3.949345588684082,0.4342978298664093,1.5423259735107422,1.743579626083374,2.7572550773620605,14.780332565307617
1357,0.00014215000555850565,8.989734649658203,3.932741403579712,0.43580955266952515,1.54039466381073,1.7334284782409668,2.730607748031616,14.73196792602539
1358,0.00014210000517778099,8.988059043884277,3.9585764408111572,0.4335966110229492,1.5319621562957764,1.748277187347412,2.7245960235595703,14.546989440917969
1359,0.00014205000479705632,9.026633262634277,3.956704616546631,0.4346969723701477,1.5450770854949951,1.7430381774902344,2.6976516246795654,14.717464447021484
1360,0.00014200000441633165,8.995478630065918,3.949054002761841,0.4339568018913269,1.5374892950057983,1.7410497665405273,2.739677906036377,14.747859954833984
1361,0.00014195000403560698,8.917513847351074,3.910475015640259,0.43527424335479736,1.5239217281341553,1.7250604629516602,2.6891932487487793,14.451468467712402
1362,0.0001419000036548823,8.96114730834961,3.9487357139587402,0.4329478442668915,1.526487946510315,1.7428487539291382,2.7180368900299072,14.674570083618164
1363,0.00014185000327415764,9.048154830932617,3.99202036857605,0.4342024028301239,1.5406440496444702,1.7592962980270386,2.8151025772094727,15.430953979492188
1364,0.00014180000289343297,8.955585479736328,3.931016683578491,0.4342759847640991,1.5300977230072021,1.7359689474105835,2.7283241748809814,14.873149871826172
1365,0.0001417500025127083,8.874040603637695,3.8876256942749023,0.4341963231563568,1.5174061059951782,1.7148844003677368,2.6900854110717773,14.544251441955566
1366,0.00014170000213198364,8.97391128540039,3.9572880268096924,0.42922574281692505,1.5291324853897095,1.7490079402923584,2.749882459640503,14.648507118225098
1367,0.00014165000175125897,8.993141174316406,3.9572222232818604,0.43345579504966736,1.5341542959213257,1.7471740245819092,2.850767135620117,15.487228393554688
1368,0.0001416000013705343,8.922505378723145,3.904705047607422,0.43433308601379395,1.5278223752975464,1.7234971523284912,2.767496109008789,14.932040214538574
1369,0.00014155000098980963,8.951884269714355,3.9237678050994873,0.4337179958820343,1.5314663648605347,1.7362004518508911,2.706007957458496,14.600907325744629
1370,0.00014150000060908496,8.910435676574707,3.9186861515045166,0.4340081512928009,1.51924729347229,1.7258318662643433,2.875765323638916,15.219305992126465
1371,0.0001414500002283603,8.95285701751709,3.9186666011810303,0.4339146018028259,1.533425211906433,1.7308681011199951,2.753061294555664,14.917425155639648
1372,0.00014139999984763563,9.014997482299805,3.958942174911499,0.4334941506385803,1.5408536195755005,1.7428433895111084,2.7115695476531982,14.861898422241211
1373,0.00014134999946691096,8.993230819702148,3.9550209045410156,0.43405428528785706,1.5347185134887695,1.7452170848846436,2.7879273891448975,14.796500205993652
1374,0.0001412999990861863,8.909440994262695,3.911717414855957,0.4337438941001892,1.5213265419006348,1.7271218299865723,2.772900342941284,14.751014709472656
1375,0.00014124999870546162,8.937881469726562,3.937074661254883,0.43114760518074036,1.5232195854187012,1.741418719291687,2.688722848892212,14.715197563171387
1376,0.00014119999832473695,8.973520278930664,3.948267936706543,0.43534132838249207,1.5299702882766724,1.742415189743042,2.807717800140381,15.106496810913086
1377,0.00014114999794401228,8.89708137512207,3.9130289554595947,0.4309670031070709,1.5176951885223389,1.7277520895004272,2.755613327026367,15.164207458496094
1378,0.00014109999756328762,8.917757987976074,3.9294815063476562,0.43507468700408936,1.5177338123321533,1.737833857536316,2.7567670345306396,14.756739616394043
1379,0.00014104999718256295,8.95397663116455,3.9426381587982178,0.43545296788215637,1.525295376777649,1.7387511730194092,2.8137431144714355,15.071930885314941
1380,0.00014099999680183828,8.919625282287598,3.919312000274658,0.4334838092327118,1.5222766399383545,1.7322168350219727,2.7270395755767822,14.64305305480957
1381,0.0001409499964211136,8.874506950378418,3.8866121768951416,0.43209001421928406,1.5186015367507935,1.7224522829055786,2.75880765914917,14.77207088470459
1382,0.00014089999604038894,8.93857192993164,3.9192936420440674,0.4327411949634552,1.5288457870483398,1.7278904914855957,2.7280936241149902,14.817947387695312
1383,0.00014084999565966427,8.965960502624512,3.928788900375366,0.43473318219184875,1.5341461896896362,1.729867696762085,2.700016498565674,14.6610746383667
1384,0.0001407999952789396,8.946734428405762,3.931608200073242,0.43279385566711426,1.5274441242218018,1.7382619380950928,2.722491979598999,14.764934539794922
1385,0.00014074999489821494,8.89467716217041,3.91260027885437,0.4331376552581787,1.516313076019287,1.7208176851272583,2.7470970153808594,14.91650676727295
1386,0.00014069999451749027,8.843057632446289,3.8828823566436768,0.43401744961738586,1.5087193250656128,1.7134367227554321,2.696226119995117,14.717529296875
1387,0.0001406499941367656,8.973104476928711,3.9505155086517334,0.433220773935318,1.5297894477844238,1.7432589530944824,2.781775951385498,15.191131591796875
1388,0.00014059999375604093,8.888022422790527,3.9023284912109375,0.43024492263793945,1.5184829235076904,1.7192866802215576,2.8007707595825195,14.912391662597656
